Workbook

Sheet Experiment Overview
A1: =IF('LC Raw Results'!A2>1, RIGHT('LC Raw Results'!A2, LEN('LC Raw Results'!A2)-12), IF('QS Raw Results'!A25>1, INDEX(_xlfn.TEXTSPLIT('QS Raw Results'!A25,"\"),1,7), "Paste Results File into Cell A2 of LC Raw Results or QS Raw Results")) -> 2025-11-05_095412_DEN078_RNaseP-16S.eds
B3: Experiment Aims | J3: Reagents Used
A5: 1 | B5: DEN078 Rnase P-16s qPCR | J5: Component | M5: Supplier | N5: Cat. No. | O5: Lot No.
A6: 2 | J6: TaqMan® Fast Advanced Master Mix (5x5mL) | M6: Fisher Scientific | N6: 13438456 | O6: 4444554
A7: 3 | J7: RNase P Primer-Probe (FAM) | M7: Thermofisher | N7: 4316831 | O7: 3245729
A8: 4 | J8: Human Genomic DNA | M8: Promega | N8: G3041 | O8: 0000636473
A9: 5 | J9: Human DNA Male | M9: Thermofisher | N9: 360486 | O9: 3106717
A10: 6 | J10: TaqMan® Gene Expression Assay (750rxns)* | M10: Fisher Scientific | N10: 11957021 | O10: P250904-011-F09
A11: 7 | J11: Microbial Community DNA Standard (2000ng) | M11: ZymoBIOMICS | N11: D6306 | O11: 24027229
J12: Nuclease free water or suitable alternative | M12: QIAGEN | N12: 1039498 | O12: N/A
A13: Batch ID: | B13: DEN078 | J13: TE (1X) buffer (pH8.0) or suitable alternative | M13: Fisher Scientific | N13: 10224683 | O13: 250226
A14: Operator: | B14: KP
A15: Date: | B15: 45992
B17: Equipment Used
B19: Asset # | C19: Item | G19: Make | I19: Model | K19: Serial number
B20: 60 | C20: Laminar Flow Cabinet | G20: StarLab | I20: GuardOne | K20: 9206IL 200028
B21: 00131 | C21: PCR machine | G21: AppliedBiosystems | I21: QuantStudio 1 | K21: 2721224090023
B22: 64 | C22: PCR machine | G22: Roche | I22: LightCycler 480 II, 96 | K22: 32258
B23: 73 | C23: Mini Vortexer | G23: Heathrow Scientific | I23: 120567 | K23: HSA09547
B24: 74 | C24: MiniSpin | G24: Eppendorf | I24: Various | K24: 5452HR504062.
B25: 98 | C25: Axygen Plate Centrifuge | G25: Corning | I25: Various | K25: 22132009
B26: 89 | C26: BioShaker iQ | G26: Qinstrument | I26: BioShaker iQ | K26: 26656
B28: Note: Throughout workbook, editable fields are denoted by yellow highlighting.

Sheet Sample List
A1: =IF('LC Raw Results'!A2>1, RIGHT('LC Raw Results'!A2, LEN('LC Raw Results'!A2)-12), IF('QS Raw Results'!A25>1, INDEX(_xlfn.TEXTSPLIT('QS Raw Results'!A25,"\"),1,7), "Paste Results File into Cell A2 of LC Raw Results or QS Raw Results")) -> 2025-11-05_095412_DEN078_RNaseP-16S.eds
B3: Sample Information | F3: Workbook Assumed Sample Positions/Layout
B5: Sample No. | C5: Sample Barcode/ID | G5: 1 | H5: 2 | I5: 3 | J5: 4 | K5: 5 | L5: 6 | M5: 7 | N5: 8 | O5: 9 | P5: 10 | Q5: 11 | R5: 12
B6: 1 | C6: PD005745RME2_D_Hu_01 | F6: A | G6: Standard 1 | J6: 1 | M6: 9 | P6: 17
B7: 2 | C7: PD005599RME1_D_Hu_01 | F7: B | G7: Standard 2 | J7: 2 | M7: 10 | P7: 18
B8: 3 | C8: PD005595RME1_D_Hu_01 | F8: C | G8: Standard 3 | J8: 3 | M8: 11 | P8: 19
B9: 4 | C9: PD005590RME1_D_Hu_01 | F9: D | G9: Standard 4 | J9: 4 | M9: 12 | P9: 20
B10: 5 | C10: PD005585RME1_D_Hu_01 | F10: E | G10: Standard 5 | J10: 5 | M10: 13 | P10: 21
B11: 6 | C11: PD005594RME1_D_Hu_01 | F11: F | G11: Standard 6 | J11: 6 | M11: 14 | P11: 22
B12: 7 | C12: PD005593RME1_D_Hu_01 | F12: G | G12: POS Control | J12: 7 | M12: 15 | P12: 23
B13: 8 | C13: PD005592RME1_D_Hu_01 | F13: H | G13: NEG Control | J13: 8 | M13: 16 | P13: 24
B14: 9 | C14: PD005584RME1_D_Hu_01
B15: 10 | C15: PD005578RME1_D_Hu_01
B16: 11 | C16: PD005575RME1_D_Hu_01
B17: 12 | C17: PD005572RME1_D_Hu_01
B18: 13 | C18: PD005571RME1_D_Hu_01
B19: 14 | C19: PD005568RME1_D_Hu_01
B20: 15 | C20: PD005565RME1_D_Hu_01
B21: 16 | C21: PD005564RME4_D_Hu_01
B22: 17 | C22: PD005563RME1_D_Hu_01
B23: 18 | C23: PD005562RME1_D_Hu_01
B24: 19 | C24: PD005561RME1_D_Hu_01
B25: 20 | C25: PD005558RME1_D_Hu_01
... B29: 24 | C29: DEN078-NEG_D_Hu_01
B30: POS Control | C30: Human Male DNA 10ng/uL
B31: NEG Control | C31: NF-Water

Sheet Standards
A1: =IF('LC Raw Results'!A2>1, RIGHT('LC Raw Results'!A2, LEN('LC Raw Results'!A2)-12), IF('QS Raw Results'!A25>1, INDEX(_xlfn.TEXTSPLIT('QS Raw Results'!A25,"\"),1,7), "Paste Results File into Cell A2 of LC Raw Results or QS Raw Results")) -> 2025-11-05_095412_DEN078_RNaseP-16S.eds
B3: PCR Standard Curve Preparation
B6: RNase P Standard Curve Preparation
B7: Human Genomic DNA Stock Concentration (µg/mL): | G7: 209
B9: Calculations for Standard Curve Preparation: | M9: Optimal (Theoretical) Standard Curve:
C10: Volumes Required (uL) | I10: Final Concentration (pg/µl or ng/mL) | N10: Final Concentration (pg/µL or ng/mL)
B11: Standard | C11: Previous Dilution | E11: Diluent (TE Buffer) | G11: Total* | M11: Standard
B12: S1 | C12: =IF(ISODD(RIGHT(FIXED((N12/(G7*1000)*20),2),1))=TRUE,SUM((FIXED((N12/(G7*1000)*20),2))+0.01),FIXED((N12/(G7*1000)*20),2))&" (Stock)" -> 14.36 (Stock) | E12: =FIXED(20-(IF(ISODD(RIGHT(FIXED((N12/(G7*1000)*20),2),1))=TRUE,SUM((FIXED((N12/(G7*1000)*20),2))+0.01),FIXED((N12/(G7*1000)*20),2))),2) -> 5.64 | G12: 20 | I12: =(LEFT(C12,5)/20)*($G$7*1000) -> 150062 | M12: S1 | N12: 150000
B13: S2 | C13: 4.50 (S1) | E13: 15.5 | G13: 20 | I13: =(4.5/20)*I12 -> 33763.95 | M13: S2 | N13: =(4.5/20)*N12 -> 33750
B14: S3 | C14: 4.50 (S2) | E14: 15.5 | G14: 20 | I14: =(4.5/20)*I13 -> 7596.8888 | M14: S3 | N14: =(4.5/20)*N13 -> 7593.75
B15: S4 | C15: 4.50 (S3) | E15: 15.5 | G15: 20 | I15: =(4.5/20)*I14 -> 1709.3 | M15: S4 | N15: =(4.5/20)*N14 -> 1708.5938
B16: S5 | C16: 4.50 (S4) | E16: 15.5 | G16: 20 | I16: =(4.5/20)*I15 -> 384.59249 | M16: S5 | N16: =(4.5/20)*N15 -> 384.43359
B17: S6 | C17: 4.50 (S5) | E17: 15.5 | G17: 20 | I17: =(4.5/20)*I16 -> 86.533311 | M17: S6 | N17: =(4.5/20)*N16 -> 86.497559
B18: *Prior to using 4.5uL to prepare the next sequential standard.
B20: Note:
B21: p20 pipette has mininum changeable unit of 0.02 leading to very small changes in concentration. This is factored in to produce above table.
B26: 16S Standard Curve Preparation
B27: Dilute Microbial Community DNA Standard to a Concentration of 20000ng/mL Prior to Preparing Curve - This is added as the First Standard
B29: Calculations for Standard Curve Preparation:
C30: Volumes Required (uL) | I30: Theoretical Concentration (pg/µl)
B31: Standard | C31: Previous Dilution | E31: Diluent (TE Buffer) | G31: Total*
B32: S1 | C32: 16.00 (Stock) | E32: 0 | G32: 16 | I32: 20000
B33: S2 | C33: 2.00 (S1) | E33: 14 | G33: 16 | I33: 2500
B34: S3 | C34: 2.00 (S2) | E34: 14 | G34: 16 | I34: 312.5
B35: S4 | C35: 2.00 (S3) | E35: 14 | G35: 16 | I35: 39.06
B36: S5 | C36: 2.00 (S4) | E36: 14 | G36: 16 | I36: 4.88
B37: S6 | C37: 2.00 (S5) | E37: 14 | G37: 16 | I37: 0.61
B38: *Prior to using 2uL to prepare the next sequential standard.
B40: Note:
B41: For the NTC, add the diluent used for these standards

Sheet qPCR Setup
A1: =IF('LC Raw Results'!A2>1, RIGHT('LC Raw Results'!A2, LEN('LC Raw Results'!A2)-12), IF('QS Raw Results'!A25>1, INDEX(_xlfn.TEXTSPLIT('QS Raw Results'!A25,"\"),1,7), "Paste Results File into Cell A2 of LC Raw Results or QS Raw Results")) -> 2025-11-05_095412_DEN078_RNaseP-16S.eds
B3: Plate Layout for qPCR | Q3: Master Mix Calculations
Q5: Number of Samples: | S5: 24
B6: Standards Plated in Triplicate, Test Samples (1-24) Plated in Triplicate and Diluted 1 in 20:
Q7: Component | T7: Stock Conc. | V7: Reaction Conc. | X7: Per Well (uL) | Z7: Standards / Controls (uL) | AA7: Total Required* (uL)
C8: 1 | D8: 2 | E8: 3 | F8: 4 | G8: 5 | H8: 6 | I8: 7 | J8: 8 | K8: 9 | L8: 10 | M8: 11 | N8: 12 | AA8: Required | AB8: (+10%)
B9: A | C9: S1 | F9: 1 (1 in 20) | I9: 9 (1 in 20) | L9: 17 (1 in 20) | Q9: Fast Advanced Master Mix | T9: 2x | V9: 1x | X9: 10 | Z9: =X9*24 -> 240 | AA9: =Z9+(3*(X9*$S$5)) -> 960 | AB9: =AA9*1.1 -> 1056
B10: B | C10: S2 | F10: 2 (1 in 20) | I10: 10 (1 in 20) | L10: 18 (1 in 20) | Q10: RNase P Primer-Probe (FAM) | T10: 20x | V10: 1x | X10: 0.5 | Z10: =X10*24 -> 12 | AA10: =Z10+(3*(X10*$S$5)) -> 48 | AB10: =AA10*1.1 -> 52.8
B11: C | C11: S3 | F11: 3 (1 in 20) | I11: 11 (1 in 20) | L11: 19 (1 in 20) | Q11: 16S Primer-Probe (VIC) | T11: 20x | V11: 1x | X11: 1 | Z11: =X11*24 -> 24 | AA11: =Z11+(3*(X11*$S$5)) -> 96 | AB11: =AA11*1.1 -> 105.6
B12: D | C12: S4 | F12: 4 (1 in 20) | I12: 12 (1 in 20) | L12: 20 (1 in 20) | Q12: TE Buffer/NF-Water | T12: N/A | V12: N/A | X12: 4.5 | Z12: =X12*24 -> 108 | AA12: =Z12+(3*(X12*$S$5)) -> 432 | AB12: =AA12*1.1 -> 475.2
B13: E | C13: S5 | F13: 5 (1 in 20) | I13: 13 (1 in 20) | L13: 21 (1 in 20) | W13: Totals: | X13: =SUM(X9:Y12) -> 16 | Z13: =SUM(Z9:Z12) -> 384 | AA13: =SUM(AA9:AA12) -> 1536 | AB13: =SUM(AB9:AB12) -> 1689.6
B14: F | C14: S6 | F14: 6 (1 in 20) | I14: 14 (1 in 20) | L14: 22 (1 in 20) | X14: *Total Required Including Standards
B15: G | C15: Human DNA Male - 10ng/µL | F15: 7 (1 in 20) | I15: 15 (1 in 20) | L15: 23 (1 in 20)
B16: H | C16: NTC | F16: 8 (1 in 20) | I16: 16 (1 in 20) | L16: 24 (1 in 20)
Q18: Cycling Conditions on PCR machine
Q20: Step | S20: Temperature | U20: Time | W20: # Cycles
Q21: UNG Incubation | S21: 50˚C | U21: 2 Minutes | W21: 1
Q22: Enzyme Activation | S22: 95˚C | U22: 20 Seconds | W22: 1
Q23: Denaturation | S23: 95˚C | U23: 1 Second | W23: 45
Q24: Anneal/Extension | S24: 60˚C | U24: 20 Seconds

Sheet LC Raw Results
A1: =IF('LC Raw Results'!A2>1, RIGHT('LC Raw Results'!A2, LEN('LC Raw Results'!A2)-12), "Select All in .txt Export File and Paste into Cell A2") -> Select All in .txt Export File and Paste into Cell A2

Sheet LC Calculations
B3: Plate Map | P3: Standards | Y3: Options
Y4: PCR1
C5: 1 | D5: 2 | E5: 3 | F5: 4 | G5: 5 | H5: 6 | I5: 7 | J5: 8 | K5: 9 | L5: 10 | M5: 11 | N5: 12 | P5: Sample | Q5: Cp1 | R5: Cp2 | S5: Cp3 | T5: Mean Cp | U5: SEM | W5: LC Conc. Mean | Y5: PCR2 | AA5: Calculated Mean Concs: | AD5: Conc. Used:
B6: A | C6: A1 | D6: A2 | E6: A3 | F6: A4 | G6: A5 | H6: A6 | I6: A7 | J6: A8 | K6: A9 | L6: A10 | M6: A11 | N6: A12 | P6: Std. 1 | Q6: {=_xlfn.ANCHORARRAY(C18)} -> #VALUE! | T6: =IFERROR(AVERAGEIF(_xlfn.ANCHORARRAY(Q6),"<>0"),0) -> 0 | U6: =IFERROR((_xlfn.STDEV.P(Q6:S6)/SQRT(3)),0) -> 0 | W6: =AVERAGE(_xlfn.ANCHORARRAY(C30)) -> #VALUE! | AA6: =IF(T6=0,0,10^((T6-'LC Analysis'!$V$37)/'LC Analysis'!$V$38)) -> 0 | AD6: =IF($Y$17="Yes",W6,AA6) -> 0
B7: B | C7: B1 | D7: B2 | E7: B3 | F7: B4 | G7: B5 | H7: B6 | I7: B7 | J7: B8 | K7: B9 | L7: B10 | M7: B11 | N7: B12 | P7: Std. 2 | Q7: {=_xlfn.ANCHORARRAY(C19)} -> #VALUE! | T7: =IFERROR(AVERAGEIF(_xlfn.ANCHORARRAY(Q7),"<>0"),0) -> 0 | U7: =IFERROR((_xlfn.STDEV.P(Q7:S7)/SQRT(3)),0) -> 0 | W7: =AVERAGE(_xlfn.ANCHORARRAY(C31)) -> #VALUE! | AA7: =IF(T7=0,0,10^((T7-'LC Analysis'!$V$37)/'LC Analysis'!$V$38)) -> 0 | AD7: =IF($Y$17="Yes",W7,AA7) -> 0
B8: C | C8: C1 | D8: C2 | E8: C3 | F8: C4 | G8: C5 | H8: C6 | I8: C7 | J8: C8 | K8: C9 | L8: C10 | M8: C11 | N8: C12 | P8: Std. 3 | Q8: {=_xlfn.ANCHORARRAY(C20)} -> #VALUE! | T8: =IFERROR(AVERAGEIF(_xlfn.ANCHORARRAY(Q8),"<>0"),0) -> 0 | U8: =IFERROR((_xlfn.STDEV.P(Q8:S8)/SQRT(3)),0) -> 0 | W8: =AVERAGE(_xlfn.ANCHORARRAY(C32)) -> #VALUE! | AA8: =IF(T8=0,0,10^((T8-'LC Analysis'!$V$37)/'LC Analysis'!$V$38)) -> 0 | AD8: =IF($Y$17="Yes",W8,AA8) -> 0
B9: D | C9: D1 | D9: D2 | E9: D3 | F9: D4 | G9: D5 | H9: D6 | I9: D7 | J9: D8 | K9: D9 | L9: D10 | M9: D11 | N9: D12 | P9: Std. 4 | Q9: {=_xlfn.ANCHORARRAY(C21)} -> #VALUE! | T9: =IFERROR(AVERAGEIF(_xlfn.ANCHORARRAY(Q9),"<>0"),0) -> 0 | U9: =IFERROR((_xlfn.STDEV.P(Q9:S9)/SQRT(3)),0) -> 0 | W9: =AVERAGE(_xlfn.ANCHORARRAY(C33)) -> #VALUE! | AA9: =IF(T9=0,0,10^((T9-'LC Analysis'!$V$37)/'LC Analysis'!$V$38)) -> 0 | AD9: =IF($Y$17="Yes",W9,AA9) -> 0
B10: E | C10: E1 | D10: E2 | E10: E3 | F10: E4 | G10: E5 | H10: E6 | I10: E7 | J10: E8 | K10: E9 | L10: E10 | M10: E11 | N10: E12 | P10: Std. 5 | Q10: {=_xlfn.ANCHORARRAY(C22)} -> #VALUE! | T10: =IFERROR(AVERAGEIF(_xlfn.ANCHORARRAY(Q10),"<>0"),0) -> 0 | U10: =IFERROR((_xlfn.STDEV.P(Q10:S10)/SQRT(3)),0) -> 0 | W10: =AVERAGE(_xlfn.ANCHORARRAY(C34)) -> #VALUE! | AA10: =IF(T10=0,0,10^((T10-'LC Analysis'!$V$37)/'LC Analysis'!$V$38)) -> 0 | AD10: =IF($Y$17="Yes",W10,AA10) -> 0
B11: F | C11: F1 | D11: F2 | E11: F3 | F11: F4 | G11: F5 | H11: F6 | I11: F7 | J11: F8 | K11: F9 | L11: F10 | M11: F11 | N11: F12 | P11: Std. 6 | Q11: {=_xlfn.ANCHORARRAY(C23)} -> #VALUE! | T11: =IFERROR(AVERAGEIF(_xlfn.ANCHORARRAY(Q11),"<>0"),0) -> 0 | U11: =IFERROR((_xlfn.STDEV.P(Q11:S11)/SQRT(3)),0) -> 0 | W11: =AVERAGE(_xlfn.ANCHORARRAY(C35)) -> #VALUE! | AA11: =IF(T11=0,0,10^((T11-'LC Analysis'!$V$37)/'LC Analysis'!$V$38)) -> 0 | AD11: =IF($Y$17="Yes",W11,AA11) -> 0
B12: G | C12: G1 | D12: G2 | E12: G3 | F12: G4 | G12: G5 | H12: G6 | I12: G7 | J12: G8 | K12: G9 | L12: G10 | M12: G11 | N12: G12 | P12: HuMale | Q12: {=_xlfn.ANCHORARRAY(C24)} -> #VALUE! | T12: =IFERROR(AVERAGEIF(_xlfn.ANCHORARRAY(Q12),"<>0"),0) -> 0 | U12: =IFERROR((_xlfn.STDEV.P(Q12:S12)/SQRT(3)),0) -> 0 | W12: =AVERAGE(_xlfn.ANCHORARRAY(C36)) -> #VALUE! | AA12: =IF(T12=0,0,10^((T12-'LC Analysis'!$V$37)/'LC Analysis'!$V$38)) -> 0 | AD12: =IF($Y$17="Yes",W12,AA12) -> 0
B13: H | C13: H1 | D13: H2 | E13: H3 | F13: H4 | G13: H5 | H13: H6 | I13: H7 | J13: H8 | K13: H9 | L13: H10 | M13: H11 | N13: H12 | P13: NTC | Q13: {=_xlfn.ANCHORARRAY(C25)} -> #VALUE! | T13: =IFERROR(AVERAGEIF(_xlfn.ANCHORARRAY(Q13),"<>0"),0) -> 0 | U13: =IFERROR((_xlfn.STDEV.P(Q13:S13)/SQRT(3)),0) -> 0 | W13: =AVERAGE(_xlfn.ANCHORARRAY(C37)) -> #VALUE! | AA13: =IF(T13=0,0,10^((T13-'LC Analysis'!$V$37)/'LC Analysis'!$V$38)) -> 0 | AD13: =IF($Y$17="Yes",W13,AA13) -> 0
B15: Cps | P15: Samples
Y16: LC Concs?
C17: 1 | D17: 2 | E17: 3 | F17: 4 | G17: 5 | H17: 6 | I17: 7 | J17: 8 | K17: 9 | L17: 10 | M17: 11 | N17: 12 | P17: Sample | Q17: Cp1 | R17: Cp2 | S17: Cp3 | T17: Mean Cp | U17: SEM | W17: LC Conc. Mean | Y17: =IF(SUM(_xlfn._xlws.FILTER('LC Raw Results'!F4:F6,1))=0,"No","Yes") -> No | AA17: Calculated Mean Concs: | AD17: Conc. Used:
B18: A | C18: {=TRANSPOSE(_xlfn._xlws.FILTER('LC Raw Results'!$E:$E,('LC Raw Results'!$C:$C='LC Calculations'!C6)+('LC Raw Results'!$C:$C='LC Calculations'!D6)+('LC Raw Results'!$C:$C='LC Calculations'!E6)))} -> #VALUE! | F18: {=TRANSPOSE(_xlfn._xlws.FILTER('LC Raw Results'!$E:$E,('LC Raw Results'!$C:$C='LC Calculations'!F6)+('LC Raw Results'!$C:$C='LC Calculations'!G6)+('LC Raw Results'!$C:$C='LC Calculations'!H6)))} -> #VALUE! | I18: {=TRANSPOSE(_xlfn._xlws.FILTER('LC Raw Results'!$E:$E,('LC Raw Results'!$C:$C='LC Calculations'!I6)+('LC Raw Results'!$C:$C='LC Calculations'!J6)+('LC Raw Results'!$C:$C='LC Calculations'!K6)))} -> #VALUE! | L18: {=TRANSPOSE(_xlfn._xlws.FILTER('LC Raw Results'!$E:$E,('LC Raw Results'!$C:$C='LC Calculations'!L6)+('LC Raw Results'!$C:$C='LC Calculations'!M6)+('LC Raw Results'!$C:$C='LC Calculations'!N6)))} -> #VALUE! | P18: 1 | Q18: {=_xlfn.ANCHORARRAY(F18)} -> #VALUE! | T18: =IFERROR(AVERAGEIF(_xlfn.ANCHORARRAY(Q18),"<>0"),0) -> 0 | U18: =IFERROR((_xlfn.STDEV.P(Q18:S18)/SQRT(3)),0) -> 0 | W18: =AVERAGE(_xlfn.ANCHORARRAY(F30)) -> #VALUE! | AA18: =IF(T18=0,0,10^((T18-'LC Analysis'!$V$37)/'LC Analysis'!$V$38)) -> 0 | AD18: =IF($Y$17="Yes",W18,AA18) -> 0
B19: B | C19: {=TRANSPOSE(_xlfn._xlws.FILTER('LC Raw Results'!$E:$E,('LC Raw Results'!$C:$C='LC Calculations'!C7)+('LC Raw Results'!$C:$C='LC Calculations'!D7)+('LC Raw Results'!$C:$C='LC Calculations'!E7)))} -> #VALUE! | F19: {=TRANSPOSE(_xlfn._xlws.FILTER('LC Raw Results'!$E:$E,('LC Raw Results'!$C:$C='LC Calculations'!F7)+('LC Raw Results'!$C:$C='LC Calculations'!G7)+('LC Raw Results'!$C:$C='LC Calculations'!H7)))} -> #VALUE! | I19: {=TRANSPOSE(_xlfn._xlws.FILTER('LC Raw Results'!$E:$E,('LC Raw Results'!$C:$C='LC Calculations'!I7)+('LC Raw Results'!$C:$C='LC Calculations'!J7)+('LC Raw Results'!$C:$C='LC Calculations'!K7)))} -> #VALUE! | L19: {=TRANSPOSE(_xlfn._xlws.FILTER('LC Raw Results'!$E:$E,('LC Raw Results'!$C:$C='LC Calculations'!L7)+('LC Raw Results'!$C:$C='LC Calculations'!M7)+('LC Raw Results'!$C:$C='LC Calculations'!N7)))} -> #VALUE! | P19: 2 | Q19: {=_xlfn.ANCHORARRAY(F19)} -> #VALUE! | T19: =IFERROR(AVERAGEIF(_xlfn.ANCHORARRAY(Q19),"<>0"),0) -> 0 | U19: =IFERROR((_xlfn.STDEV.P(Q19:S19)/SQRT(3)),0) -> 0 | W19: =AVERAGE(_xlfn.ANCHORARRAY(F31)) -> #VALUE! | AA19: =IF(T19=0,0,10^((T19-'LC Analysis'!$V$37)/'LC Analysis'!$V$38)) -> 0 | AD19: =IF($Y$17="Yes",W19,AA19) -> 0
B20: C | C20: {=TRANSPOSE(_xlfn._xlws.FILTER('LC Raw Results'!$E:$E,('LC Raw Results'!$C:$C='LC Calculations'!C8)+('LC Raw Results'!$C:$C='LC Calculations'!D8)+('LC Raw Results'!$C:$C='LC Calculations'!E8)))} -> #VALUE! | F20: {=TRANSPOSE(_xlfn._xlws.FILTER('LC Raw Results'!$E:$E,('LC Raw Results'!$C:$C='LC Calculations'!F8)+('LC Raw Results'!$C:$C='LC Calculations'!G8)+('LC Raw Results'!$C:$C='LC Calculations'!H8)))} -> #VALUE! | I20: {=TRANSPOSE(_xlfn._xlws.FILTER('LC Raw Results'!$E:$E,('LC Raw Results'!$C:$C='LC Calculations'!I8)+('LC Raw Results'!$C:$C='LC Calculations'!J8)+('LC Raw Results'!$C:$C='LC Calculations'!K8)))} -> #VALUE! | L20: {=TRANSPOSE(_xlfn._xlws.FILTER('LC Raw Results'!$E:$E,('LC Raw Results'!$C:$C='LC Calculations'!L8)+('LC Raw Results'!$C:$C='LC Calculations'!M8)+('LC Raw Results'!$C:$C='LC Calculations'!N8)))} -> #VALUE! | P20: 3 | Q20: {=_xlfn.ANCHORARRAY(F20)} -> #VALUE! | T20: =IFERROR(AVERAGEIF(_xlfn.ANCHORARRAY(Q20),"<>0"),0) -> 0 | U20: =IFERROR((_xlfn.STDEV.P(Q20:S20)/SQRT(3)),0) -> 0 | W20: =AVERAGE(_xlfn.ANCHORARRAY(F32)) -> #VALUE! | AA20: =IF(T20=0,0,10^((T20-'LC Analysis'!$V$37)/'LC Analysis'!$V$38)) -> 0 | AD20: =IF($Y$17="Yes",W20,AA20) -> 0
B21: D | C21: {=TRANSPOSE(_xlfn._xlws.FILTER('LC Raw Results'!$E:$E,('LC Raw Results'!$C:$C='LC Calculations'!C9)+('LC Raw Results'!$C:$C='LC Calculations'!D9)+('LC Raw Results'!$C:$C='LC Calculations'!E9)))} -> #VALUE! | F21: {=TRANSPOSE(_xlfn._xlws.FILTER('LC Raw Results'!$E:$E,('LC Raw Results'!$C:$C='LC Calculations'!F9)+('LC Raw Results'!$C:$C='LC Calculations'!G9)+('LC Raw Results'!$C:$C='LC Calculations'!H9)))} -> #VALUE! | I21: {=TRANSPOSE(_xlfn._xlws.FILTER('LC Raw Results'!$E:$E,('LC Raw Results'!$C:$C='LC Calculations'!I9)+('LC Raw Results'!$C:$C='LC Calculations'!J9)+('LC Raw Results'!$C:$C='LC Calculations'!K9)))} -> #VALUE! | L21: {=TRANSPOSE(_xlfn._xlws.FILTER('LC Raw Results'!$E:$E,('LC Raw Results'!$C:$C='LC Calculations'!L9)+('LC Raw Results'!$C:$C='LC Calculations'!M9)+('LC Raw Results'!$C:$C='LC Calculations'!N9)))} -> #VALUE! | P21: 4 | Q21: {=_xlfn.ANCHORARRAY(F21)} -> #VALUE! | T21: =IFERROR(AVERAGEIF(_xlfn.ANCHORARRAY(Q21),"<>0"),0) -> 0 | U21: =IFERROR((_xlfn.STDEV.P(Q21:S21)/SQRT(3)),0) -> 0 | W21: =AVERAGE(_xlfn.ANCHORARRAY(F33)) -> #VALUE! | AA21: =IF(T21=0,0,10^((T21-'LC Analysis'!$V$37)/'LC Analysis'!$V$38)) -> 0 | AD21: =IF($Y$17="Yes",W21,AA21) -> 0
B22: E | C22: {=TRANSPOSE(_xlfn._xlws.FILTER('LC Raw Results'!$E:$E,('LC Raw Results'!$C:$C='LC Calculations'!C10)+('LC Raw Results'!$C:$C='LC Calculations'!D10)+('LC Raw Results'!$C:$C='LC Calculations'!E10)))} -> #VALUE! | F22: {=TRANSPOSE(_xlfn._xlws.FILTER('LC Raw Results'!$E:$E,('LC Raw Results'!$C:$C='LC Calculations'!F10)+('LC Raw Results'!$C:$C='LC Calculations'!G10)+('LC Raw Results'!$C:$C='LC Calculations'!H10)))} -> #VALUE! | I22: {=TRANSPOSE(_xlfn._xlws.FILTER('LC Raw Results'!$E:$E,('LC Raw Results'!$C:$C='LC Calculations'!I10)+('LC Raw Results'!$C:$C='LC Calculations'!J10)+('LC Raw Results'!$C:$C='LC Calculations'!K10)))} -> #VALUE! | L22: {=TRANSPOSE(_xlfn._xlws.FILTER('LC Raw Results'!$E:$E,('LC Raw Results'!$C:$C='LC Calculations'!L10)+('LC Raw Results'!$C:$C='LC Calculations'!M10)+('LC Raw Results'!$C:$C='LC Calculations'!N10)))} -> #VALUE! | P22: 5 | Q22: {=_xlfn.ANCHORARRAY(F22)} -> #VALUE! | T22: =IFERROR(AVERAGEIF(_xlfn.ANCHORARRAY(Q22),"<>0"),0) -> 0 | U22: =IFERROR((_xlfn.STDEV.P(Q22:S22)/SQRT(3)),0) -> 0 | W22: =AVERAGE(_xlfn.ANCHORARRAY(F34)) -> #VALUE! | AA22: =IF(T22=0,0,10^((T22-'LC Analysis'!$V$37)/'LC Analysis'!$V$38)) -> 0 | AD22: =IF($Y$17="Yes",W22,AA22) -> 0
B23: F | C23: {=TRANSPOSE(_xlfn._xlws.FILTER('LC Raw Results'!$E:$E,('LC Raw Results'!$C:$C='LC Calculations'!C11)+('LC Raw Results'!$C:$C='LC Calculations'!D11)+('LC Raw Results'!$C:$C='LC Calculations'!E11)))} -> #VALUE! | F23: {=TRANSPOSE(_xlfn._xlws.FILTER('LC Raw Results'!$E:$E,('LC Raw Results'!$C:$C='LC Calculations'!F11)+('LC Raw Results'!$C:$C='LC Calculations'!G11)+('LC Raw Results'!$C:$C='LC Calculations'!H11)))} -> #VALUE! | I23: {=TRANSPOSE(_xlfn._xlws.FILTER('LC Raw Results'!$E:$E,('LC Raw Results'!$C:$C='LC Calculations'!I11)+('LC Raw Results'!$C:$C='LC Calculations'!J11)+('LC Raw Results'!$C:$C='LC Calculations'!K11)))} -> #VALUE! | L23: {=TRANSPOSE(_xlfn._xlws.FILTER('LC Raw Results'!$E:$E,('LC Raw Results'!$C:$C='LC Calculations'!L11)+('LC Raw Results'!$C:$C='LC Calculations'!M11)+('LC Raw Results'!$C:$C='LC Calculations'!N11)))} -> #VALUE! | P23: 6 | Q23: {=_xlfn.ANCHORARRAY(F23)} -> #VALUE! | T23: =IFERROR(AVERAGEIF(_xlfn.ANCHORARRAY(Q23),"<>0"),0) -> 0 | U23: =IFERROR((_xlfn.STDEV.P(Q23:S23)/SQRT(3)),0) -> 0 | W23: =AVERAGE(_xlfn.ANCHORARRAY(F35)) -> #VALUE! | AA23: =IF(T23=0,0,10^((T23-'LC Analysis'!$V$37)/'LC Analysis'!$V$38)) -> 0 | AD23: =IF($Y$17="Yes",W23,AA23) -> 0
B24: G | C24: {=TRANSPOSE(_xlfn._xlws.FILTER('LC Raw Results'!$E:$E,('LC Raw Results'!$C:$C='LC Calculations'!C12)+('LC Raw Results'!$C:$C='LC Calculations'!D12)+('LC Raw Results'!$C:$C='LC Calculations'!E12)))} -> #VALUE! | F24: {=TRANSPOSE(_xlfn._xlws.FILTER('LC Raw Results'!$E:$E,('LC Raw Results'!$C:$C='LC Calculations'!F12)+('LC Raw Results'!$C:$C='LC Calculations'!G12)+('LC Raw Results'!$C:$C='LC Calculations'!H12)))} -> #VALUE! | I24: {=TRANSPOSE(_xlfn._xlws.FILTER('LC Raw Results'!$E:$E,('LC Raw Results'!$C:$C='LC Calculations'!I12)+('LC Raw Results'!$C:$C='LC Calculations'!J12)+('LC Raw Results'!$C:$C='LC Calculations'!K12)))} -> #VALUE! | L24: {=TRANSPOSE(_xlfn._xlws.FILTER('LC Raw Results'!$E:$E,('LC Raw Results'!$C:$C='LC Calculations'!L12)+('LC Raw Results'!$C:$C='LC Calculations'!M12)+('LC Raw Results'!$C:$C='LC Calculations'!N12)))} -> #VALUE! | P24: 7 | Q24: {=_xlfn.ANCHORARRAY(F24)} -> #VALUE! | T24: =IFERROR(AVERAGEIF(_xlfn.ANCHORARRAY(Q24),"<>0"),0) -> 0 | U24: =IFERROR((_xlfn.STDEV.P(Q24:S24)/SQRT(3)),0) -> 0 | W24: =AVERAGE(_xlfn.ANCHORARRAY(F36)) -> #VALUE! | AA24: =IF(T24=0,0,10^((T24-'LC Analysis'!$V$37)/'LC Analysis'!$V$38)) -> 0 | AD24: =IF($Y$17="Yes",W24,AA24) -> 0
B25: H | C25: {=TRANSPOSE(_xlfn._xlws.FILTER('LC Raw Results'!$E:$E,('LC Raw Results'!$C:$C='LC Calculations'!C13)+('LC Raw Results'!$C:$C='LC Calculations'!D13)+('LC Raw Results'!$C:$C='LC Calculations'!E13)))} -> #VALUE! | F25: {=TRANSPOSE(_xlfn._xlws.FILTER('LC Raw Results'!$E:$E,('LC Raw Results'!$C:$C='LC Calculations'!F13)+('LC Raw Results'!$C:$C='LC Calculations'!G13)+('LC Raw Results'!$C:$C='LC Calculations'!H13)))} -> #VALUE! | I25: {=TRANSPOSE(_xlfn._xlws.FILTER('LC Raw Results'!$E:$E,('LC Raw Results'!$C:$C='LC Calculations'!I13)+('LC Raw Results'!$C:$C='LC Calculations'!J13)+('LC Raw Results'!$C:$C='LC Calculations'!K13)))} -> #VALUE! | L25: {=TRANSPOSE(_xlfn._xlws.FILTER('LC Raw Results'!$E:$E,('LC Raw Results'!$C:$C='LC Calculations'!L13)+('LC Raw Results'!$C:$C='LC Calculations'!M13)+('LC Raw Results'!$C:$C='LC Calculations'!N13)))} -> #VALUE! | P25: 8 | Q25: {=_xlfn.ANCHORARRAY(F25)} -> #VALUE! | T25: =IFERROR(AVERAGEIF(_xlfn.ANCHORARRAY(Q25),"<>0"),0) -> 0 | U25: =IFERROR((_xlfn.STDEV.P(Q25:S25)/SQRT(3)),0) -> 0 | W25: =AVERAGE(_xlfn.ANCHORARRAY(F37)) -> #VALUE! | AA25: =IF(T25=0,0,10^((T25-'LC Analysis'!$V$37)/'LC Analysis'!$V$38)) -> 0 | AD25: =IF($Y$17="Yes",W25,AA25) -> 0
P26: 9 | Q26: {=_xlfn.ANCHORARRAY(I18)} -> #VALUE! | T26: =IFERROR(AVERAGEIF(_xlfn.ANCHORARRAY(Q26),"<>0"),0) -> 0 | U26: =IFERROR((_xlfn.STDEV.P(Q26:S26)/SQRT(3)),0) -> 0 | W26: =AVERAGE(_xlfn.ANCHORARRAY(I30)) -> #VALUE! | AA26: =IF(T26=0,0,10^((T26-'LC Analysis'!$V$37)/'LC Analysis'!$V$38)) -> 0 | AD26: =IF($Y$17="Yes",W26,AA26) -> 0
B27: Concentrations | P27: 10 | Q27: {=_xlfn.ANCHORARRAY(I19)} -> #VALUE! | T27: =IFERROR(AVERAGEIF(_xlfn.ANCHORARRAY(Q27),"<>0"),0) -> 0 | U27: =IFERROR((_xlfn.STDEV.P(Q27:S27)/SQRT(3)),0) -> 0 | W27: =AVERAGE(_xlfn.ANCHORARRAY(I31)) -> #VALUE! | AA27: =IF(T27=0,0,10^((T27-'LC Analysis'!$V$37)/'LC Analysis'!$V$38)) -> 0 | AD27: =IF($Y$17="Yes",W27,AA27) -> 0
P28: 11 | Q28: {=_xlfn.ANCHORARRAY(I20)} -> #VALUE! | T28: =IFERROR(AVERAGEIF(_xlfn.ANCHORARRAY(Q28),"<>0"),0) -> 0 | U28: =IFERROR((_xlfn.STDEV.P(Q28:S28)/SQRT(3)),0) -> 0 | W28: =AVERAGE(_xlfn.ANCHORARRAY(I32)) -> #VALUE! | AA28: =IF(T28=0,0,10^((T28-'LC Analysis'!$V$37)/'LC Analysis'!$V$38)) -> 0 | AD28: =IF($Y$17="Yes",W28,AA28) -> 0
C29: 1 | D29: 2 | E29: 3 | F29: 4 | G29: 5 | H29: 6 | I29: 7 | J29: 8 | K29: 9 | L29: 10 | M29: 11 | N29: 12 | P29: 12 | Q29: {=_xlfn.ANCHORARRAY(I21)} -> #VALUE! | T29: =IFERROR(AVERAGEIF(_xlfn.ANCHORARRAY(Q29),"<>0"),0) -> 0 | U29: =IFERROR((_xlfn.STDEV.P(Q29:S29)/SQRT(3)),0) -> 0 | W29: =AVERAGE(_xlfn.ANCHORARRAY(I33)) -> #VALUE! | AA29: =IF(T29=0,0,10^((T29-'LC Analysis'!$V$37)/'LC Analysis'!$V$38)) -> 0 | AD29: =IF($Y$17="Yes",W29,AA29) -> 0
B30: A | C30: {=TRANSPOSE(_xlfn._xlws.FILTER('LC Raw Results'!$F:$F,('LC Raw Results'!$C:$C='LC Calculations'!C6)+('LC Raw Results'!$C:$C='LC Calculations'!D6)+('LC Raw Results'!$C:$C='LC Calculations'!E6)))} -> #VALUE! | F30: {=TRANSPOSE(_xlfn._xlws.FILTER('LC Raw Results'!$F:$F,('LC Raw Results'!$C:$C='LC Calculations'!F6)+('LC Raw Results'!$C:$C='LC Calculations'!G6)+('LC Raw Results'!$C:$C='LC Calculations'!H6)))} -> #VALUE! | I30: {=TRANSPOSE(_xlfn._xlws.FILTER('LC Raw Results'!$F:$F,('LC Raw Results'!$C:$C='LC Calculations'!I6)+('LC Raw Results'!$C:$C='LC Calculations'!J6)+('LC Raw Results'!$C:$C='LC Calculations'!K6)))} -> #VALUE! | L30: {=TRANSPOSE(_xlfn._xlws.FILTER('LC Raw Results'!$F:$F,('LC Raw Results'!$C:$C='LC Calculations'!L6)+('LC Raw Results'!$C:$C='LC Calculations'!M6)+('LC Raw Results'!$C:$C='LC Calculations'!N6)))} -> #VALUE! | P30: 13 | Q30: {=_xlfn.ANCHORARRAY(I22)} -> #VALUE! | T30: =IFERROR(AVERAGEIF(_xlfn.ANCHORARRAY(Q30),"<>0"),0) -> 0 | U30: =IFERROR((_xlfn.STDEV.P(Q30:S30)/SQRT(3)),0) -> 0 | W30: =AVERAGE(_xlfn.ANCHORARRAY(I34)) -> #VALUE! | AA30: =IF(T30=0,0,10^((T30-'LC Analysis'!$V$37)/'LC Analysis'!$V$38)) -> 0 | AD30: =IF($Y$17="Yes",W30,AA30) -> 0
B31: B | C31: {=TRANSPOSE(_xlfn._xlws.FILTER('LC Raw Results'!$F:$F,('LC Raw Results'!$C:$C='LC Calculations'!C7)+('LC Raw Results'!$C:$C='LC Calculations'!D7)+('LC Raw Results'!$C:$C='LC Calculations'!E7)))} -> #VALUE! | F31: {=TRANSPOSE(_xlfn._xlws.FILTER('LC Raw Results'!$F:$F,('LC Raw Results'!$C:$C='LC Calculations'!F7)+('LC Raw Results'!$C:$C='LC Calculations'!G7)+('LC Raw Results'!$C:$C='LC Calculations'!H7)))} -> #VALUE! | I31: {=TRANSPOSE(_xlfn._xlws.FILTER('LC Raw Results'!$F:$F,('LC Raw Results'!$C:$C='LC Calculations'!I7)+('LC Raw Results'!$C:$C='LC Calculations'!J7)+('LC Raw Results'!$C:$C='LC Calculations'!K7)))} -> #VALUE! | L31: {=TRANSPOSE(_xlfn._xlws.FILTER('LC Raw Results'!$F:$F,('LC Raw Results'!$C:$C='LC Calculations'!L7)+('LC Raw Results'!$C:$C='LC Calculations'!M7)+('LC Raw Results'!$C:$C='LC Calculations'!N7)))} -> #VALUE! | P31: 14 | Q31: {=_xlfn.ANCHORARRAY(I23)} -> #VALUE! | T31: =IFERROR(AVERAGEIF(_xlfn.ANCHORARRAY(Q31),"<>0"),0) -> 0 | U31: =IFERROR((_xlfn.STDEV.P(Q31:S31)/SQRT(3)),0) -> 0 | W31: =AVERAGE(_xlfn.ANCHORARRAY(I35)) -> #VALUE! | AA31: =IF(T31=0,0,10^((T31-'LC Analysis'!$V$37)/'LC Analysis'!$V$38)) -> 0 | AD31: =IF($Y$17="Yes",W31,AA31) -> 0
B32: C | C32: {=TRANSPOSE(_xlfn._xlws.FILTER('LC Raw Results'!$F:$F,('LC Raw Results'!$C:$C='LC Calculations'!C8)+('LC Raw Results'!$C:$C='LC Calculations'!D8)+('LC Raw Results'!$C:$C='LC Calculations'!E8)))} -> #VALUE! | F32: {=TRANSPOSE(_xlfn._xlws.FILTER('LC Raw Results'!$F:$F,('LC Raw Results'!$C:$C='LC Calculations'!F8)+('LC Raw Results'!$C:$C='LC Calculations'!G8)+('LC Raw Results'!$C:$C='LC Calculations'!H8)))} -> #VALUE! | I32: {=TRANSPOSE(_xlfn._xlws.FILTER('LC Raw Results'!$F:$F,('LC Raw Results'!$C:$C='LC Calculations'!I8)+('LC Raw Results'!$C:$C='LC Calculations'!J8)+('LC Raw Results'!$C:$C='LC Calculations'!K8)))} -> #VALUE! | L32: {=TRANSPOSE(_xlfn._xlws.FILTER('LC Raw Results'!$F:$F,('LC Raw Results'!$C:$C='LC Calculations'!L8)+('LC Raw Results'!$C:$C='LC Calculations'!M8)+('LC Raw Results'!$C:$C='LC Calculations'!N8)))} -> #VALUE! | P32: 15 | Q32: {=_xlfn.ANCHORARRAY(I24)} -> #VALUE! | T32: =IFERROR(AVERAGEIF(_xlfn.ANCHORARRAY(Q32),"<>0"),0) -> 0 | U32: =IFERROR((_xlfn.STDEV.P(Q32:S32)/SQRT(3)),0) -> 0 | W32: =AVERAGE(_xlfn.ANCHORARRAY(I36)) -> #VALUE! | AA32: =IF(T32=0,0,10^((T32-'LC Analysis'!$V$37)/'LC Analysis'!$V$38)) -> 0 | AD32: =IF($Y$17="Yes",W32,AA32) -> 0
B33: D | C33: {=TRANSPOSE(_xlfn._xlws.FILTER('LC Raw Results'!$F:$F,('LC Raw Results'!$C:$C='LC Calculations'!C9)+('LC Raw Results'!$C:$C='LC Calculations'!D9)+('LC Raw Results'!$C:$C='LC Calculations'!E9)))} -> #VALUE! | F33: {=TRANSPOSE(_xlfn._xlws.FILTER('LC Raw Results'!$F:$F,('LC Raw Results'!$C:$C='LC Calculations'!F9)+('LC Raw Results'!$C:$C='LC Calculations'!G9)+('LC Raw Results'!$C:$C='LC Calculations'!H9)))} -> #VALUE! | I33: {=TRANSPOSE(_xlfn._xlws.FILTER('LC Raw Results'!$F:$F,('LC Raw Results'!$C:$C='LC Calculations'!I9)+('LC Raw Results'!$C:$C='LC Calculations'!J9)+('LC Raw Results'!$C:$C='LC Calculations'!K9)))} -> #VALUE! | L33: {=TRANSPOSE(_xlfn._xlws.FILTER('LC Raw Results'!$F:$F,('LC Raw Results'!$C:$C='LC Calculations'!L9)+('LC Raw Results'!$C:$C='LC Calculations'!M9)+('LC Raw Results'!$C:$C='LC Calculations'!N9)))} -> #VALUE! | P33: 16 | Q33: {=_xlfn.ANCHORARRAY(I25)} -> #VALUE! | T33: =IFERROR(AVERAGEIF(_xlfn.ANCHORARRAY(Q33),"<>0"),0) -> 0 | U33: =IFERROR((_xlfn.STDEV.P(Q33:S33)/SQRT(3)),0) -> 0 | W33: =AVERAGE(_xlfn.ANCHORARRAY(I37)) -> #VALUE! | AA33: =IF(T33=0,0,10^((T33-'LC Analysis'!$V$37)/'LC Analysis'!$V$38)) -> 0 | AD33: =IF($Y$17="Yes",W33,AA33) -> 0
B34: E | C34: {=TRANSPOSE(_xlfn._xlws.FILTER('LC Raw Results'!$F:$F,('LC Raw Results'!$C:$C='LC Calculations'!C10)+('LC Raw Results'!$C:$C='LC Calculations'!D10)+('LC Raw Results'!$C:$C='LC Calculations'!E10)))} -> #VALUE! | F34: {=TRANSPOSE(_xlfn._xlws.FILTER('LC Raw Results'!$F:$F,('LC Raw Results'!$C:$C='LC Calculations'!F10)+('LC Raw Results'!$C:$C='LC Calculations'!G10)+('LC Raw Results'!$C:$C='LC Calculations'!H10)))} -> #VALUE! | I34: {=TRANSPOSE(_xlfn._xlws.FILTER('LC Raw Results'!$F:$F,('LC Raw Results'!$C:$C='LC Calculations'!I10)+('LC Raw Results'!$C:$C='LC Calculations'!J10)+('LC Raw Results'!$C:$C='LC Calculations'!K10)))} -> #VALUE! | L34: {=TRANSPOSE(_xlfn._xlws.FILTER('LC Raw Results'!$F:$F,('LC Raw Results'!$C:$C='LC Calculations'!L10)+('LC Raw Results'!$C:$C='LC Calculations'!M10)+('LC Raw Results'!$C:$C='LC Calculations'!N10)))} -> #VALUE! | P34: 17 | Q34: {=_xlfn.ANCHORARRAY(L18)} -> #VALUE! | T34: =IFERROR(AVERAGEIF(_xlfn.ANCHORARRAY(Q34),"<>0"),0) -> 0 | U34: =IFERROR((_xlfn.STDEV.P(Q34:S34)/SQRT(3)),0) -> 0 | W34: =AVERAGE(_xlfn.ANCHORARRAY(L30)) -> #VALUE! | AA34: =IF(T34=0,0,10^((T34-'LC Analysis'!$V$37)/'LC Analysis'!$V$38)) -> 0 | AD34: =IF($Y$17="Yes",W34,AA34) -> 0
B35: F | C35: {=TRANSPOSE(_xlfn._xlws.FILTER('LC Raw Results'!$F:$F,('LC Raw Results'!$C:$C='LC Calculations'!C11)+('LC Raw Results'!$C:$C='LC Calculations'!D11)+('LC Raw Results'!$C:$C='LC Calculations'!E11)))} -> #VALUE! | F35: {=TRANSPOSE(_xlfn._xlws.FILTER('LC Raw Results'!$F:$F,('LC Raw Results'!$C:$C='LC Calculations'!F11)+('LC Raw Results'!$C:$C='LC Calculations'!G11)+('LC Raw Results'!$C:$C='LC Calculations'!H11)))} -> #VALUE! | I35: {=TRANSPOSE(_xlfn._xlws.FILTER('LC Raw Results'!$F:$F,('LC Raw Results'!$C:$C='LC Calculations'!I11)+('LC Raw Results'!$C:$C='LC Calculations'!J11)+('LC Raw Results'!$C:$C='LC Calculations'!K11)))} -> #VALUE! | L35: {=TRANSPOSE(_xlfn._xlws.FILTER('LC Raw Results'!$F:$F,('LC Raw Results'!$C:$C='LC Calculations'!L11)+('LC Raw Results'!$C:$C='LC Calculations'!M11)+('LC Raw Results'!$C:$C='LC Calculations'!N11)))} -> #VALUE! | P35: 18 | Q35: {=_xlfn.ANCHORARRAY(L19)} -> #VALUE! | T35: =IFERROR(AVERAGEIF(_xlfn.ANCHORARRAY(Q35),"<>0"),0) -> 0 | U35: =IFERROR((_xlfn.STDEV.P(Q35:S35)/SQRT(3)),0) -> 0 | W35: =AVERAGE(_xlfn.ANCHORARRAY(L31)) -> #VALUE! | AA35: =IF(T35=0,0,10^((T35-'LC Analysis'!$V$37)/'LC Analysis'!$V$38)) -> 0 | AD35: =IF($Y$17="Yes",W35,AA35) -> 0
B36: G | C36: {=TRANSPOSE(_xlfn._xlws.FILTER('LC Raw Results'!$F:$F,('LC Raw Results'!$C:$C='LC Calculations'!C12)+('LC Raw Results'!$C:$C='LC Calculations'!D12)+('LC Raw Results'!$C:$C='LC Calculations'!E12)))} -> #VALUE! | F36: {=TRANSPOSE(_xlfn._xlws.FILTER('LC Raw Results'!$F:$F,('LC Raw Results'!$C:$C='LC Calculations'!F12)+('LC Raw Results'!$C:$C='LC Calculations'!G12)+('LC Raw Results'!$C:$C='LC Calculations'!H12)))} -> #VALUE! | I36: {=TRANSPOSE(_xlfn._xlws.FILTER('LC Raw Results'!$F:$F,('LC Raw Results'!$C:$C='LC Calculations'!I12)+('LC Raw Results'!$C:$C='LC Calculations'!J12)+('LC Raw Results'!$C:$C='LC Calculations'!K12)))} -> #VALUE! | L36: {=TRANSPOSE(_xlfn._xlws.FILTER('LC Raw Results'!$F:$F,('LC Raw Results'!$C:$C='LC Calculations'!L12)+('LC Raw Results'!$C:$C='LC Calculations'!M12)+('LC Raw Results'!$C:$C='LC Calculations'!N12)))} -> #VALUE! | P36: 19 | Q36: {=_xlfn.ANCHORARRAY(L20)} -> #VALUE! | T36: =IFERROR(AVERAGEIF(_xlfn.ANCHORARRAY(Q36),"<>0"),0) -> 0 | U36: =IFERROR((_xlfn.STDEV.P(Q36:S36)/SQRT(3)),0) -> 0 | W36: =AVERAGE(_xlfn.ANCHORARRAY(L32)) -> #VALUE! | AA36: =IF(T36=0,0,10^((T36-'LC Analysis'!$V$37)/'LC Analysis'!$V$38)) -> 0 | AD36: =IF($Y$17="Yes",W36,AA36) -> 0
B37: H | C37: {=TRANSPOSE(_xlfn._xlws.FILTER('LC Raw Results'!$F:$F,('LC Raw Results'!$C:$C='LC Calculations'!C13)+('LC Raw Results'!$C:$C='LC Calculations'!D13)+('LC Raw Results'!$C:$C='LC Calculations'!E13)))} -> #VALUE! | F37: {=TRANSPOSE(_xlfn._xlws.FILTER('LC Raw Results'!$F:$F,('LC Raw Results'!$C:$C='LC Calculations'!F13)+('LC Raw Results'!$C:$C='LC Calculations'!G13)+('LC Raw Results'!$C:$C='LC Calculations'!H13)))} -> #VALUE! | I37: {=TRANSPOSE(_xlfn._xlws.FILTER('LC Raw Results'!$F:$F,('LC Raw Results'!$C:$C='LC Calculations'!I13)+('LC Raw Results'!$C:$C='LC Calculations'!J13)+('LC Raw Results'!$C:$C='LC Calculations'!K13)))} -> #VALUE! | L37: {=TRANSPOSE(_xlfn._xlws.FILTER('LC Raw Results'!$F:$F,('LC Raw Results'!$C:$C='LC Calculations'!L13)+('LC Raw Results'!$C:$C='LC Calculations'!M13)+('LC Raw Results'!$C:$C='LC Calculations'!N13)))} -> #VALUE! | P37: 20 | Q37: {=_xlfn.ANCHORARRAY(L21)} -> #VALUE! | T37: =IFERROR(AVERAGEIF(_xlfn.ANCHORARRAY(Q37),"<>0"),0) -> 0 | U37: =IFERROR((_xlfn.STDEV.P(Q37:S37)/SQRT(3)),0) -> 0 | W37: =AVERAGE(_xlfn.ANCHORARRAY(L33)) -> #VALUE! | AA37: =IF(T37=0,0,10^((T37-'LC Analysis'!$V$37)/'LC Analysis'!$V$38)) -> 0 | AD37: =IF($Y$17="Yes",W37,AA37) -> 0
P38: 21 | Q38: {=_xlfn.ANCHORARRAY(L22)} -> #VALUE! | T38: =IFERROR(AVERAGEIF(_xlfn.ANCHORARRAY(Q38),"<>0"),0) -> 0 | U38: =IFERROR((_xlfn.STDEV.P(Q38:S38)/SQRT(3)),0) -> 0 | W38: =AVERAGE(_xlfn.ANCHORARRAY(L34)) -> #VALUE! | AA38: =IF(T38=0,0,10^((T38-'LC Analysis'!$V$37)/'LC Analysis'!$V$38)) -> 0 | AD38: =IF($Y$17="Yes",W38,AA38) -> 0
P39: 22 | Q39: {=_xlfn.ANCHORARRAY(L23)} -> #VALUE! | T39: =IFERROR(AVERAGEIF(_xlfn.ANCHORARRAY(Q39),"<>0"),0) -> 0 | U39: =IFERROR((_xlfn.STDEV.P(Q39:S39)/SQRT(3)),0) -> 0 | W39: =AVERAGE(_xlfn.ANCHORARRAY(L35)) -> #VALUE! | AA39: =IF(T39=0,0,10^((T39-'LC Analysis'!$V$37)/'LC Analysis'!$V$38)) -> 0 | AD39: =IF($Y$17="Yes",W39,AA39) -> 0
P40: 23 | Q40: {=_xlfn.ANCHORARRAY(L24)} -> #VALUE! | T40: =IFERROR(AVERAGEIF(_xlfn.ANCHORARRAY(Q40),"<>0"),0) -> 0 | U40: =IFERROR((_xlfn.STDEV.P(Q40:S40)/SQRT(3)),0) -> 0 | W40: =AVERAGE(_xlfn.ANCHORARRAY(L36)) -> #VALUE! | AA40: =IF(T40=0,0,10^((T40-'LC Analysis'!$V$37)/'LC Analysis'!$V$38)) -> 0 | AD40: =IF($Y$17="Yes",W40,AA40) -> 0
P41: 24 | Q41: {=_xlfn.ANCHORARRAY(L25)} -> #VALUE! | T41: =IFERROR(AVERAGEIF(_xlfn.ANCHORARRAY(Q41),"<>0"),0) -> 0 | U41: =IFERROR((_xlfn.STDEV.P(Q41:S41)/SQRT(3)),0) -> 0 | W41: =AVERAGE(_xlfn.ANCHORARRAY(L37)) -> #VALUE! | AA41: =IF(T41=0,0,10^((T41-'LC Analysis'!$V$37)/'LC Analysis'!$V$38)) -> 0 | AD41: =IF($Y$17="Yes",W41,AA41) -> 0

Sheet LC Analysis
A1: =IF('LC Raw Results'!A2>1,RIGHT('LC Raw Results'!A2,LEN('LC Raw Results'!A2)-12),"Paste Results File into Cell A2 of LC Raw Results") -> Paste Results File into Cell A2 of LC Raw Results
O2: Promega Conc. (ug/mL): | P2: 244
D3: PCR1 or PCR2?: | E3: PCR2 | K3: Standard Curve Analysis | O3: Promega Used (uL): | P3: 12.3 | T3: Pass/Fail?
B4: Tabulated Averages
D5: PCR1 Means | G5: PCR2 Means | K5: Actual Results | O5: Expected Results | T5: =IF(O63="TRUE","PASSED","FAILED") -> #DIV/0!
B6: Sample No. | C6: Sample ID | D6: Cp | E6: Conc. (ng/mL) | F6: Cp SEM | G6: 1/10 Cp | H6: Conc. (ng/mL)* | I6: Cp SEM | K6: Standard | L6: Mean Cp | M6: Mean Conc. (ng/mL)* | O6: Standard | P6: Mean Cp* | Q6: Mean Conc. (ng/mL)
B7: 1 | C7: =IF(ISBLANK('Sample List'!C6)=TRUE,"",'Sample List'!C6) -> PD005745RME2_D_Hu_01 | D7: {=IF($E$3="PCR1",_xlfn._xlws.FILTER('LC Calculations'!$T$18:$T$41,'LC Calculations'!$P$18:$P$41=B7),"")} | E7: {=IF($E$3="PCR1",_xlfn._xlws.FILTER('LC Calculations'!$AD$18:$AD$41,'LC Calculations'!$P$18:$P$41=B7),"")} | F7: {=IF($E$3="PCR1",_xlfn._xlws.FILTER('LC Calculations'!$U$18:$U$41,'LC Calculations'!$P$18:$P$41=B7),"")} | G7: {=IF($E$3="PCR2",_xlfn._xlws.FILTER('LC Calculations'!$T$18:$T$41,'LC Calculations'!$P$18:$P$41=B7),"")} -> 0 | H7: {=IF($E$3="PCR2",10*_xlfn._xlws.FILTER('LC Calculations'!$AD$18:$AD$41,'LC Calculations'!$P$18:$P$41=B7),"")} -> 0 | I7: {=IF($E$3="PCR2",_xlfn._xlws.FILTER('LC Calculations'!$U$18:$U$41,'LC Calculations'!$P$18:$P$41=B7),"")} -> 0 | K7: S1 | L7: ='LC Calculations'!T6 -> 0 | M7: ='LC Calculations'!AD6 -> 0 | O7: S1 | P7: =LOG(((3.6*(10^11))/((2*(Q7/1000))/0.00646246)),2) -> 22.886109 | Q7: =(P2*1000)*(P3/20) -> 150060
B8: 2 | C8: =IF(ISBLANK('Sample List'!C7)=TRUE,"",'Sample List'!C7) -> PD005599RME1_D_Hu_01 | D8: {=IF($E$3="PCR1",_xlfn._xlws.FILTER('LC Calculations'!$T$18:$T$41,'LC Calculations'!$P$18:$P$41=B8),"")} | E8: {=IF($E$3="PCR1",_xlfn._xlws.FILTER('LC Calculations'!$AD$18:$AD$41,'LC Calculations'!$P$18:$P$41=B8),"")} | F8: {=IF($E$3="PCR1",_xlfn._xlws.FILTER('LC Calculations'!$U$18:$U$41,'LC Calculations'!$P$18:$P$41=B8),"")} | G8: {=IF($E$3="PCR2",_xlfn._xlws.FILTER('LC Calculations'!$T$18:$T$41,'LC Calculations'!$P$18:$P$41=B8),"")} -> 0 | H8: {=IF($E$3="PCR2",10*_xlfn._xlws.FILTER('LC Calculations'!$AD$18:$AD$41,'LC Calculations'!$P$18:$P$41=B8),"")} -> 0 | I8: {=IF($E$3="PCR2",_xlfn._xlws.FILTER('LC Calculations'!$U$18:$U$41,'LC Calculations'!$P$18:$P$41=B8),"")} -> 0 | K8: S2 | L8: ='LC Calculations'!T7 -> 0 | M8: ='LC Calculations'!AD7 -> 0 | O8: S2 | P8: =LOG(((3.6*(10^11))/((2*(Q8/1000))/0.00646246)),2) -> 25.038113 | Q8: =Q7*(4.5/20) -> 33763.5
B9: 3 | C9: =IF(ISBLANK('Sample List'!C8)=TRUE,"",'Sample List'!C8) -> PD005595RME1_D_Hu_01 | D9: {=IF($E$3="PCR1",_xlfn._xlws.FILTER('LC Calculations'!$T$18:$T$41,'LC Calculations'!$P$18:$P$41=B9),"")} | E9: {=IF($E$3="PCR1",_xlfn._xlws.FILTER('LC Calculations'!$AD$18:$AD$41,'LC Calculations'!$P$18:$P$41=B9),"")} | F9: {=IF($E$3="PCR1",_xlfn._xlws.FILTER('LC Calculations'!$U$18:$U$41,'LC Calculations'!$P$18:$P$41=B9),"")} | G9: {=IF($E$3="PCR2",_xlfn._xlws.FILTER('LC Calculations'!$T$18:$T$41,'LC Calculations'!$P$18:$P$41=B9),"")} -> 0 | H9: {=IF($E$3="PCR2",10*_xlfn._xlws.FILTER('LC Calculations'!$AD$18:$AD$41,'LC Calculations'!$P$18:$P$41=B9),"")} -> 0 | I9: {=IF($E$3="PCR2",_xlfn._xlws.FILTER('LC Calculations'!$U$18:$U$41,'LC Calculations'!$P$18:$P$41=B9),"")} -> 0 | K9: S3 | L9: ='LC Calculations'!T8 -> 0 | M9: ='LC Calculations'!AD8 -> 0 | O9: S3 | P9: =LOG(((3.6*(10^11))/((2*(Q9/1000))/0.00646246)),2) -> 27.190116 | Q9: =Q8*(4.5/20) -> 7596.7875
B10: 4 | C10: =IF(ISBLANK('Sample List'!C9)=TRUE,"",'Sample List'!C9) -> PD005590RME1_D_Hu_01 | D10: {=IF($E$3="PCR1",_xlfn._xlws.FILTER('LC Calculations'!$T$18:$T$41,'LC Calculations'!$P$18:$P$41=B10),"")} | E10: {=IF($E$3="PCR1",_xlfn._xlws.FILTER('LC Calculations'!$AD$18:$AD$41,'LC Calculations'!$P$18:$P$41=B10),"")} | F10: {=IF($E$3="PCR1",_xlfn._xlws.FILTER('LC Calculations'!$U$18:$U$41,'LC Calculations'!$P$18:$P$41=B10),"")} | G10: {=IF($E$3="PCR2",_xlfn._xlws.FILTER('LC Calculations'!$T$18:$T$41,'LC Calculations'!$P$18:$P$41=B10),"")} -> 0 | H10: {=IF($E$3="PCR2",10*_xlfn._xlws.FILTER('LC Calculations'!$AD$18:$AD$41,'LC Calculations'!$P$18:$P$41=B10),"")} -> 0 | I10: {=IF($E$3="PCR2",_xlfn._xlws.FILTER('LC Calculations'!$U$18:$U$41,'LC Calculations'!$P$18:$P$41=B10),"")} -> 0 | K10: S4 | L10: ='LC Calculations'!T9 -> 0 | M10: ='LC Calculations'!AD9 -> 0 | O10: S4 | P10: =LOG(((3.6*(10^11))/((2*(Q10/1000))/0.00646246)),2) -> 29.342119 | Q10: =Q9*(4.5/20) -> 1709.2772
B11: 5 | C11: =IF(ISBLANK('Sample List'!C10)=TRUE,"",'Sample List'!C10) -> PD005585RME1_D_Hu_01 | D11: {=IF($E$3="PCR1",_xlfn._xlws.FILTER('LC Calculations'!$T$18:$T$41,'LC Calculations'!$P$18:$P$41=B11),"")} | E11: {=IF($E$3="PCR1",_xlfn._xlws.FILTER('LC Calculations'!$AD$18:$AD$41,'LC Calculations'!$P$18:$P$41=B11),"")} | F11: {=IF($E$3="PCR1",_xlfn._xlws.FILTER('LC Calculations'!$U$18:$U$41,'LC Calculations'!$P$18:$P$41=B11),"")} | G11: {=IF($E$3="PCR2",_xlfn._xlws.FILTER('LC Calculations'!$T$18:$T$41,'LC Calculations'!$P$18:$P$41=B11),"")} -> 0 | H11: {=IF($E$3="PCR2",10*_xlfn._xlws.FILTER('LC Calculations'!$AD$18:$AD$41,'LC Calculations'!$P$18:$P$41=B11),"")} -> 0 | I11: {=IF($E$3="PCR2",_xlfn._xlws.FILTER('LC Calculations'!$U$18:$U$41,'LC Calculations'!$P$18:$P$41=B11),"")} -> 0 | K11: S5 | L11: ='LC Calculations'!T10 -> 0 | M11: ='LC Calculations'!AD10 -> 0 | O11: S5 | P11: =LOG(((3.6*(10^11))/((2*(Q11/1000))/0.00646246)),2) -> 31.494122 | Q11: =Q10*(4.5/20) -> 384.58737
B12: 6 | C12: =IF(ISBLANK('Sample List'!C11)=TRUE,"",'Sample List'!C11) -> PD005594RME1_D_Hu_01 | D12: {=IF($E$3="PCR1",_xlfn._xlws.FILTER('LC Calculations'!$T$18:$T$41,'LC Calculations'!$P$18:$P$41=B12),"")} | E12: {=IF($E$3="PCR1",_xlfn._xlws.FILTER('LC Calculations'!$AD$18:$AD$41,'LC Calculations'!$P$18:$P$41=B12),"")} | F12: {=IF($E$3="PCR1",_xlfn._xlws.FILTER('LC Calculations'!$U$18:$U$41,'LC Calculations'!$P$18:$P$41=B12),"")} | G12: {=IF($E$3="PCR2",_xlfn._xlws.FILTER('LC Calculations'!$T$18:$T$41,'LC Calculations'!$P$18:$P$41=B12),"")} -> 0 | H12: {=IF($E$3="PCR2",10*_xlfn._xlws.FILTER('LC Calculations'!$AD$18:$AD$41,'LC Calculations'!$P$18:$P$41=B12),"")} -> 0 | I12: {=IF($E$3="PCR2",_xlfn._xlws.FILTER('LC Calculations'!$U$18:$U$41,'LC Calculations'!$P$18:$P$41=B12),"")} -> 0 | K12: S6 | L12: ='LC Calculations'!T11 -> 0 | M12: ='LC Calculations'!AD11 -> 0 | O12: S6 | P12: =LOG(((3.6*(10^11))/((2*(Q12/1000))/0.00646246)),2) -> 33.646125 | Q12: =Q11*(4.5/20) -> 86.532158
B13: 7 | C13: =IF(ISBLANK('Sample List'!C12)=TRUE,"",'Sample List'!C12) -> PD005593RME1_D_Hu_01 | D13: {=IF($E$3="PCR1",_xlfn._xlws.FILTER('LC Calculations'!$T$18:$T$41,'LC Calculations'!$P$18:$P$41=B13),"")} | E13: {=IF($E$3="PCR1",_xlfn._xlws.FILTER('LC Calculations'!$AD$18:$AD$41,'LC Calculations'!$P$18:$P$41=B13),"")} | F13: {=IF($E$3="PCR1",_xlfn._xlws.FILTER('LC Calculations'!$U$18:$U$41,'LC Calculations'!$P$18:$P$41=B13),"")} | G13: {=IF($E$3="PCR2",_xlfn._xlws.FILTER('LC Calculations'!$T$18:$T$41,'LC Calculations'!$P$18:$P$41=B13),"")} -> 0 | H13: {=IF($E$3="PCR2",10*_xlfn._xlws.FILTER('LC Calculations'!$AD$18:$AD$41,'LC Calculations'!$P$18:$P$41=B13),"")} -> 0 | I13: {=IF($E$3="PCR2",_xlfn._xlws.FILTER('LC Calculations'!$U$18:$U$41,'LC Calculations'!$P$18:$P$41=B13),"")} -> 0 | K13: POS | L13: ='LC Calculations'!T12 -> 0 | M13: ='LC Calculations'!AD12 -> 0 | O13: POS | P13: =LOG(((3.6*(10^11))/((2*(Q13/1000))/0.00646246)),2) -> 26.793577 | Q13: 10000
B14: 8 | C14: =IF(ISBLANK('Sample List'!C13)=TRUE,"",'Sample List'!C13) -> PD005592RME1_D_Hu_01 | D14: {=IF($E$3="PCR1",_xlfn._xlws.FILTER('LC Calculations'!$T$18:$T$41,'LC Calculations'!$P$18:$P$41=B14),"")} | E14: {=IF($E$3="PCR1",_xlfn._xlws.FILTER('LC Calculations'!$AD$18:$AD$41,'LC Calculations'!$P$18:$P$41=B14),"")} | F14: {=IF($E$3="PCR1",_xlfn._xlws.FILTER('LC Calculations'!$U$18:$U$41,'LC Calculations'!$P$18:$P$41=B14),"")} | G14: {=IF($E$3="PCR2",_xlfn._xlws.FILTER('LC Calculations'!$T$18:$T$41,'LC Calculations'!$P$18:$P$41=B14),"")} -> 0 | H14: {=IF($E$3="PCR2",10*_xlfn._xlws.FILTER('LC Calculations'!$AD$18:$AD$41,'LC Calculations'!$P$18:$P$41=B14),"")} -> 0 | I14: {=IF($E$3="PCR2",_xlfn._xlws.FILTER('LC Calculations'!$U$18:$U$41,'LC Calculations'!$P$18:$P$41=B14),"")} -> 0 | K14: NTC | L14: ='LC Calculations'!T13 -> 0 | M14: ='LC Calculations'!AD13 -> 0 | O14: NTC | P14: 0 | Q14: 0
B15: 9 | C15: =IF(ISBLANK('Sample List'!C14)=TRUE,"",'Sample List'!C14) -> PD005584RME1_D_Hu_01 | D15: {=IF($E$3="PCR1",_xlfn._xlws.FILTER('LC Calculations'!$T$18:$T$41,'LC Calculations'!$P$18:$P$41=B15),"")} | E15: {=IF($E$3="PCR1",_xlfn._xlws.FILTER('LC Calculations'!$AD$18:$AD$41,'LC Calculations'!$P$18:$P$41=B15),"")} | F15: {=IF($E$3="PCR1",_xlfn._xlws.FILTER('LC Calculations'!$U$18:$U$41,'LC Calculations'!$P$18:$P$41=B15),"")} | G15: {=IF($E$3="PCR2",_xlfn._xlws.FILTER('LC Calculations'!$T$18:$T$41,'LC Calculations'!$P$18:$P$41=B15),"")} -> 0 | H15: {=IF($E$3="PCR2",10*_xlfn._xlws.FILTER('LC Calculations'!$AD$18:$AD$41,'LC Calculations'!$P$18:$P$41=B15),"")} -> 0 | I15: {=IF($E$3="PCR2",_xlfn._xlws.FILTER('LC Calculations'!$U$18:$U$41,'LC Calculations'!$P$18:$P$41=B15),"")} -> 0 | K15: *Based on the Following: | O15: *Based on the Following:
B16: 10 | C16: =IF(ISBLANK('Sample List'!C15)=TRUE,"",'Sample List'!C15) -> PD005578RME1_D_Hu_01 | D16: {=IF($E$3="PCR1",_xlfn._xlws.FILTER('LC Calculations'!$T$18:$T$41,'LC Calculations'!$P$18:$P$41=B16),"")} | E16: {=IF($E$3="PCR1",_xlfn._xlws.FILTER('LC Calculations'!$AD$18:$AD$41,'LC Calculations'!$P$18:$P$41=B16),"")} | F16: {=IF($E$3="PCR1",_xlfn._xlws.FILTER('LC Calculations'!$U$18:$U$41,'LC Calculations'!$P$18:$P$41=B16),"")} | G16: {=IF($E$3="PCR2",_xlfn._xlws.FILTER('LC Calculations'!$T$18:$T$41,'LC Calculations'!$P$18:$P$41=B16),"")} -> 0 | H16: {=IF($E$3="PCR2",10*_xlfn._xlws.FILTER('LC Calculations'!$AD$18:$AD$41,'LC Calculations'!$P$18:$P$41=B16),"")} -> 0 | I16: {=IF($E$3="PCR2",_xlfn._xlws.FILTER('LC Calculations'!$U$18:$U$41,'LC Calculations'!$P$18:$P$41=B16),"")} -> 0 | K16: Cp = ('Slope'*'LogConc')+'Y-Intercept' | O16: -> Formula "Predicted Cp = LOG(((3.6*(10^11))/'InputGenomeCopies'),2)"
B17: 11 | C17: =IF(ISBLANK('Sample List'!C16)=TRUE,"",'Sample List'!C16) -> PD005575RME1_D_Hu_01 | D17: {=IF($E$3="PCR1",_xlfn._xlws.FILTER('LC Calculations'!$T$18:$T$41,'LC Calculations'!$P$18:$P$41=B17),"")} | E17: {=IF($E$3="PCR1",_xlfn._xlws.FILTER('LC Calculations'!$AD$18:$AD$41,'LC Calculations'!$P$18:$P$41=B17),"")} | F17: {=IF($E$3="PCR1",_xlfn._xlws.FILTER('LC Calculations'!$U$18:$U$41,'LC Calculations'!$P$18:$P$41=B17),"")} | G17: {=IF($E$3="PCR2",_xlfn._xlws.FILTER('LC Calculations'!$T$18:$T$41,'LC Calculations'!$P$18:$P$41=B17),"")} -> 0 | H17: {=IF($E$3="PCR2",10*_xlfn._xlws.FILTER('LC Calculations'!$AD$18:$AD$41,'LC Calculations'!$P$18:$P$41=B17),"")} -> 0 | I17: {=IF($E$3="PCR2",_xlfn._xlws.FILTER('LC Calculations'!$U$18:$U$41,'LC Calculations'!$P$18:$P$41=B17),"")} -> 0 | K17: Conc (ng/mL) = 10^(('Mean Cp'-'Y-Intercept')/'Slope') | O17: -> 'InputGenomeCopies' = [Sample in Reaction (uL)*Conc(ng/uL)]/[Genome Mass(ng)]
B18: 12 | C18: =IF(ISBLANK('Sample List'!C17)=TRUE,"",'Sample List'!C17) -> PD005572RME1_D_Hu_01 | D18: {=IF($E$3="PCR1",_xlfn._xlws.FILTER('LC Calculations'!$T$18:$T$41,'LC Calculations'!$P$18:$P$41=B18),"")} | E18: {=IF($E$3="PCR1",_xlfn._xlws.FILTER('LC Calculations'!$AD$18:$AD$41,'LC Calculations'!$P$18:$P$41=B18),"")} | F18: {=IF($E$3="PCR1",_xlfn._xlws.FILTER('LC Calculations'!$U$18:$U$41,'LC Calculations'!$P$18:$P$41=B18),"")} | G18: {=IF($E$3="PCR2",_xlfn._xlws.FILTER('LC Calculations'!$T$18:$T$41,'LC Calculations'!$P$18:$P$41=B18),"")} -> 0 | H18: {=IF($E$3="PCR2",10*_xlfn._xlws.FILTER('LC Calculations'!$AD$18:$AD$41,'LC Calculations'!$P$18:$P$41=B18),"")} -> 0 | I18: {=IF($E$3="PCR2",_xlfn._xlws.FILTER('LC Calculations'!$U$18:$U$41,'LC Calculations'!$P$18:$P$41=B18),"")} -> 0 | O18: -> 1 Genome = 0.00646246ng
B19: 13 | C19: =IF(ISBLANK('Sample List'!C18)=TRUE,"",'Sample List'!C18) -> PD005571RME1_D_Hu_01 | D19: {=IF($E$3="PCR1",_xlfn._xlws.FILTER('LC Calculations'!$T$18:$T$41,'LC Calculations'!$P$18:$P$41=B19),"")} | E19: {=IF($E$3="PCR1",_xlfn._xlws.FILTER('LC Calculations'!$AD$18:$AD$41,'LC Calculations'!$P$18:$P$41=B19),"")} | F19: {=IF($E$3="PCR1",_xlfn._xlws.FILTER('LC Calculations'!$U$18:$U$41,'LC Calculations'!$P$18:$P$41=B19),"")} | G19: {=IF($E$3="PCR2",_xlfn._xlws.FILTER('LC Calculations'!$T$18:$T$41,'LC Calculations'!$P$18:$P$41=B19),"")} -> 0 | H19: {=IF($E$3="PCR2",10*_xlfn._xlws.FILTER('LC Calculations'!$AD$18:$AD$41,'LC Calculations'!$P$18:$P$41=B19),"")} -> 0 | I19: {=IF($E$3="PCR2",_xlfn._xlws.FILTER('LC Calculations'!$U$18:$U$41,'LC Calculations'!$P$18:$P$41=B19),"")} -> 0
B20: 14 | C20: =IF(ISBLANK('Sample List'!C19)=TRUE,"",'Sample List'!C19) -> PD005568RME1_D_Hu_01 | D20: {=IF($E$3="PCR1",_xlfn._xlws.FILTER('LC Calculations'!$T$18:$T$41,'LC Calculations'!$P$18:$P$41=B20),"")} | E20: {=IF($E$3="PCR1",_xlfn._xlws.FILTER('LC Calculations'!$AD$18:$AD$41,'LC Calculations'!$P$18:$P$41=B20),"")} | F20: {=IF($E$3="PCR1",_xlfn._xlws.FILTER('LC Calculations'!$U$18:$U$41,'LC Calculations'!$P$18:$P$41=B20),"")} | G20: {=IF($E$3="PCR2",_xlfn._xlws.FILTER('LC Calculations'!$T$18:$T$41,'LC Calculations'!$P$18:$P$41=B20),"")} -> 0 | H20: {=IF($E$3="PCR2",10*_xlfn._xlws.FILTER('LC Calculations'!$AD$18:$AD$41,'LC Calculations'!$P$18:$P$41=B20),"")} -> 0 | I20: {=IF($E$3="PCR2",_xlfn._xlws.FILTER('LC Calculations'!$U$18:$U$41,'LC Calculations'!$P$18:$P$41=B20),"")} -> 0 | K20: Standard Curve Breakdown
B21: 15 | C21: =IF(ISBLANK('Sample List'!C20)=TRUE,"",'Sample List'!C20) -> PD005565RME1_D_Hu_01 | D21: {=IF($E$3="PCR1",_xlfn._xlws.FILTER('LC Calculations'!$T$18:$T$41,'LC Calculations'!$P$18:$P$41=B21),"")} | E21: {=IF($E$3="PCR1",_xlfn._xlws.FILTER('LC Calculations'!$AD$18:$AD$41,'LC Calculations'!$P$18:$P$41=B21),"")} | F21: {=IF($E$3="PCR1",_xlfn._xlws.FILTER('LC Calculations'!$U$18:$U$41,'LC Calculations'!$P$18:$P$41=B21),"")} | G21: {=IF($E$3="PCR2",_xlfn._xlws.FILTER('LC Calculations'!$T$18:$T$41,'LC Calculations'!$P$18:$P$41=B21),"")} -> 0 | H21: {=IF($E$3="PCR2",10*_xlfn._xlws.FILTER('LC Calculations'!$AD$18:$AD$41,'LC Calculations'!$P$18:$P$41=B21),"")} -> 0 | I21: {=IF($E$3="PCR2",_xlfn._xlws.FILTER('LC Calculations'!$U$18:$U$41,'LC Calculations'!$P$18:$P$41=B21),"")} -> 0 | K21: Actual Results | Q21: Full Actual Results
B22: 16 | C22: =IF(ISBLANK('Sample List'!C21)=TRUE,"",'Sample List'!C21) -> PD005564RME4_D_Hu_01 | D22: {=IF($E$3="PCR1",_xlfn._xlws.FILTER('LC Calculations'!$T$18:$T$41,'LC Calculations'!$P$18:$P$41=B22),"")} | E22: {=IF($E$3="PCR1",_xlfn._xlws.FILTER('LC Calculations'!$AD$18:$AD$41,'LC Calculations'!$P$18:$P$41=B22),"")} | F22: {=IF($E$3="PCR1",_xlfn._xlws.FILTER('LC Calculations'!$U$18:$U$41,'LC Calculations'!$P$18:$P$41=B22),"")} | G22: {=IF($E$3="PCR2",_xlfn._xlws.FILTER('LC Calculations'!$T$18:$T$41,'LC Calculations'!$P$18:$P$41=B22),"")} -> 0 | H22: {=IF($E$3="PCR2",10*_xlfn._xlws.FILTER('LC Calculations'!$AD$18:$AD$41,'LC Calculations'!$P$18:$P$41=B22),"")} -> 0 | I22: {=IF($E$3="PCR2",_xlfn._xlws.FILTER('LC Calculations'!$U$18:$U$41,'LC Calculations'!$P$18:$P$41=B22),"")} -> 0 | K22: Standard | L22: Mean Cp | M22: Mean Conc. (ng/mL) | N22: Log Conc.* | Q22: Standard | R22: Cp 1 | S22: Cp 2 | T22: Cp 3 | U22: SEM | V22: ΔCt
B23: 17 | C23: =IF(ISBLANK('Sample List'!C22)=TRUE,"",'Sample List'!C22) -> PD005563RME1_D_Hu_01 | D23: {=IF($E$3="PCR1",_xlfn._xlws.FILTER('LC Calculations'!$T$18:$T$41,'LC Calculations'!$P$18:$P$41=B23),"")} | E23: {=IF($E$3="PCR1",_xlfn._xlws.FILTER('LC Calculations'!$AD$18:$AD$41,'LC Calculations'!$P$18:$P$41=B23),"")} | F23: {=IF($E$3="PCR1",_xlfn._xlws.FILTER('LC Calculations'!$U$18:$U$41,'LC Calculations'!$P$18:$P$41=B23),"")} | G23: {=IF($E$3="PCR2",_xlfn._xlws.FILTER('LC Calculations'!$T$18:$T$41,'LC Calculations'!$P$18:$P$41=B23),"")} -> 0 | H23: {=IF($E$3="PCR2",10*_xlfn._xlws.FILTER('LC Calculations'!$AD$18:$AD$41,'LC Calculations'!$P$18:$P$41=B23),"")} -> 0 | I23: {=IF($E$3="PCR2",_xlfn._xlws.FILTER('LC Calculations'!$U$18:$U$41,'LC Calculations'!$P$18:$P$41=B23),"")} -> 0 | K23: S1 | L23: =L7 -> 0 | M23: =M7 -> 0 | N23: =LOG(Q7) -> 5.1762649 | Q23: S1 | R23: ='LC Calculations'!Q6 -> #VALUE! | S23: ='LC Calculations'!R6 -> 0 | T23: ='LC Calculations'!S6 -> 0 | U23: ='LC Calculations'!U6 -> 0 | V23: -
B24: 18 | C24: =IF(ISBLANK('Sample List'!C23)=TRUE,"",'Sample List'!C23) -> PD005562RME1_D_Hu_01 | D24: {=IF($E$3="PCR1",_xlfn._xlws.FILTER('LC Calculations'!$T$18:$T$41,'LC Calculations'!$P$18:$P$41=B24),"")} | E24: {=IF($E$3="PCR1",_xlfn._xlws.FILTER('LC Calculations'!$AD$18:$AD$41,'LC Calculations'!$P$18:$P$41=B24),"")} | F24: {=IF($E$3="PCR1",_xlfn._xlws.FILTER('LC Calculations'!$U$18:$U$41,'LC Calculations'!$P$18:$P$41=B24),"")} | G24: {=IF($E$3="PCR2",_xlfn._xlws.FILTER('LC Calculations'!$T$18:$T$41,'LC Calculations'!$P$18:$P$41=B24),"")} -> 0 | H24: {=IF($E$3="PCR2",10*_xlfn._xlws.FILTER('LC Calculations'!$AD$18:$AD$41,'LC Calculations'!$P$18:$P$41=B24),"")} -> 0 | I24: {=IF($E$3="PCR2",_xlfn._xlws.FILTER('LC Calculations'!$U$18:$U$41,'LC Calculations'!$P$18:$P$41=B24),"")} -> 0 | K24: S2 | L24: =L8 -> 0 | M24: =M8 -> 0 | N24: =LOG(Q8) -> 4.5284475 | Q24: S2 | R24: ='LC Calculations'!Q7 -> #VALUE! | S24: ='LC Calculations'!R7 -> 0 | T24: ='LC Calculations'!S7 -> 0 | U24: ='LC Calculations'!U7 -> 0 | V24: =L24-L23 -> 0
B25: 19 | C25: =IF(ISBLANK('Sample List'!C24)=TRUE,"",'Sample List'!C24) -> PD005561RME1_D_Hu_01 | D25: {=IF($E$3="PCR1",_xlfn._xlws.FILTER('LC Calculations'!$T$18:$T$41,'LC Calculations'!$P$18:$P$41=B25),"")} | E25: {=IF($E$3="PCR1",_xlfn._xlws.FILTER('LC Calculations'!$AD$18:$AD$41,'LC Calculations'!$P$18:$P$41=B25),"")} | F25: {=IF($E$3="PCR1",_xlfn._xlws.FILTER('LC Calculations'!$U$18:$U$41,'LC Calculations'!$P$18:$P$41=B25),"")} | G25: {=IF($E$3="PCR2",_xlfn._xlws.FILTER('LC Calculations'!$T$18:$T$41,'LC Calculations'!$P$18:$P$41=B25),"")} -> 0 | H25: {=IF($E$3="PCR2",10*_xlfn._xlws.FILTER('LC Calculations'!$AD$18:$AD$41,'LC Calculations'!$P$18:$P$41=B25),"")} -> 0 | I25: {=IF($E$3="PCR2",_xlfn._xlws.FILTER('LC Calculations'!$U$18:$U$41,'LC Calculations'!$P$18:$P$41=B25),"")} -> 0 | K25: S3 | L25: =L9 -> 0 | M25: =M9 -> 0 | N25: =LOG(Q9) -> 3.88063 | Q25: S3 | R25: ='LC Calculations'!Q8 -> #VALUE! | S25: ='LC Calculations'!R8 -> 0 | T25: ='LC Calculations'!S8 -> 0 | U25: ='LC Calculations'!U8 -> 0 | V25: =L25-L24 -> 0
B26: 20 | C26: =IF(ISBLANK('Sample List'!C25)=TRUE,"",'Sample List'!C25) -> PD005558RME1_D_Hu_01 | D26: {=IF($E$3="PCR1",_xlfn._xlws.FILTER('LC Calculations'!$T$18:$T$41,'LC Calculations'!$P$18:$P$41=B26),"")} | E26: {=IF($E$3="PCR1",_xlfn._xlws.FILTER('LC Calculations'!$AD$18:$AD$41,'LC Calculations'!$P$18:$P$41=B26),"")} | F26: {=IF($E$3="PCR1",_xlfn._xlws.FILTER('LC Calculations'!$U$18:$U$41,'LC Calculations'!$P$18:$P$41=B26),"")} | G26: {=IF($E$3="PCR2",_xlfn._xlws.FILTER('LC Calculations'!$T$18:$T$41,'LC Calculations'!$P$18:$P$41=B26),"")} -> 0 | H26: {=IF($E$3="PCR2",10*_xlfn._xlws.FILTER('LC Calculations'!$AD$18:$AD$41,'LC Calculations'!$P$18:$P$41=B26),"")} -> 0 | I26: {=IF($E$3="PCR2",_xlfn._xlws.FILTER('LC Calculations'!$U$18:$U$41,'LC Calculations'!$P$18:$P$41=B26),"")} -> 0 | K26: S4 | L26: =L10 -> 0 | M26: =M10 -> 0 | N26: =LOG(Q10) -> 3.2328125 | Q26: S4 | R26: ='LC Calculations'!Q9 -> #VALUE! | S26: ='LC Calculations'!R9 -> 0 | T26: ='LC Calculations'!S9 -> 0 | U26: ='LC Calculations'!U9 -> 0 | V26: =L26-L25 -> 0
B27: 21 | C27: =IF(ISBLANK('Sample List'!C26)=TRUE,"",'Sample List'!C26) -> PD005557RME1_D_Hu_01 | D27: {=IF($E$3="PCR1",_xlfn._xlws.FILTER('LC Calculations'!$T$18:$T$41,'LC Calculations'!$P$18:$P$41=B27),"")} | E27: {=IF($E$3="PCR1",_xlfn._xlws.FILTER('LC Calculations'!$AD$18:$AD$41,'LC Calculations'!$P$18:$P$41=B27),"")} | F27: {=IF($E$3="PCR1",_xlfn._xlws.FILTER('LC Calculations'!$U$18:$U$41,'LC Calculations'!$P$18:$P$41=B27),"")} | G27: {=IF($E$3="PCR2",_xlfn._xlws.FILTER('LC Calculations'!$T$18:$T$41,'LC Calculations'!$P$18:$P$41=B27),"")} -> 0 | H27: {=IF($E$3="PCR2",10*_xlfn._xlws.FILTER('LC Calculations'!$AD$18:$AD$41,'LC Calculations'!$P$18:$P$41=B27),"")} -> 0 | I27: {=IF($E$3="PCR2",_xlfn._xlws.FILTER('LC Calculations'!$U$18:$U$41,'LC Calculations'!$P$18:$P$41=B27),"")} -> 0 | K27: S5 | L27: =L11 -> 0 | M27: =M11 -> 0 | N27: =LOG(Q11) -> 2.584995 | Q27: S5 | R27: ='LC Calculations'!Q10 -> #VALUE! | S27: ='LC Calculations'!R10 -> 0 | T27: ='LC Calculations'!S10 -> 0 | U27: ='LC Calculations'!U10 -> 0 | V27: =L27-L26 -> 0
B28: 22 | C28: =IF(ISBLANK('Sample List'!C27)=TRUE,"",'Sample List'!C27) -> PD005556RME1_D_Hu_01 | D28: {=IF($E$3="PCR1",_xlfn._xlws.FILTER('LC Calculations'!$T$18:$T$41,'LC Calculations'!$P$18:$P$41=B28),"")} | E28: {=IF($E$3="PCR1",_xlfn._xlws.FILTER('LC Calculations'!$AD$18:$AD$41,'LC Calculations'!$P$18:$P$41=B28),"")} | F28: {=IF($E$3="PCR1",_xlfn._xlws.FILTER('LC Calculations'!$U$18:$U$41,'LC Calculations'!$P$18:$P$41=B28),"")} | G28: {=IF($E$3="PCR2",_xlfn._xlws.FILTER('LC Calculations'!$T$18:$T$41,'LC Calculations'!$P$18:$P$41=B28),"")} -> 0 | H28: {=IF($E$3="PCR2",10*_xlfn._xlws.FILTER('LC Calculations'!$AD$18:$AD$41,'LC Calculations'!$P$18:$P$41=B28),"")} -> 0 | I28: {=IF($E$3="PCR2",_xlfn._xlws.FILTER('LC Calculations'!$U$18:$U$41,'LC Calculations'!$P$18:$P$41=B28),"")} -> 0 | K28: S6 | L28: =L12 -> 0 | M28: =M12 -> 0 | N28: =LOG(Q12) -> 1.9371775 | Q28: S6 | R28: ='LC Calculations'!Q11 -> #VALUE! | S28: ='LC Calculations'!R11 -> 0 | T28: ='LC Calculations'!S11 -> 0 | U28: ='LC Calculations'!U11 -> 0 | V28: =L28-L27 -> 0
B29: 23 | C29: =IF(ISBLANK('Sample List'!C28)=TRUE,"",'Sample List'!C28) -> DEN078-POS_D_Hu_01 | D29: {=IF($E$3="PCR1",_xlfn._xlws.FILTER('LC Calculations'!$T$18:$T$41,'LC Calculations'!$P$18:$P$41=B29),"")} | E29: {=IF($E$3="PCR1",_xlfn._xlws.FILTER('LC Calculations'!$AD$18:$AD$41,'LC Calculations'!$P$18:$P$41=B29),"")} | F29: {=IF($E$3="PCR1",_xlfn._xlws.FILTER('LC Calculations'!$U$18:$U$41,'LC Calculations'!$P$18:$P$41=B29),"")} | G29: {=IF($E$3="PCR2",_xlfn._xlws.FILTER('LC Calculations'!$T$18:$T$41,'LC Calculations'!$P$18:$P$41=B29),"")} -> 0 | H29: {=IF($E$3="PCR2",10*_xlfn._xlws.FILTER('LC Calculations'!$AD$18:$AD$41,'LC Calculations'!$P$18:$P$41=B29),"")} -> 0 | I29: {=IF($E$3="PCR2",_xlfn._xlws.FILTER('LC Calculations'!$U$18:$U$41,'LC Calculations'!$P$18:$P$41=B29),"")} -> 0 | K29: *Based on Expected Concentration
B30: 24 | C30: =IF(ISBLANK('Sample List'!C29)=TRUE,"",'Sample List'!C29) -> DEN078-NEG_D_Hu_01 | D30: {=IF($E$3="PCR1",_xlfn._xlws.FILTER('LC Calculations'!$T$18:$T$41,'LC Calculations'!$P$18:$P$41=B30),"")} | E30: {=IF($E$3="PCR1",_xlfn._xlws.FILTER('LC Calculations'!$AD$18:$AD$41,'LC Calculations'!$P$18:$P$41=B30),"")} | F30: {=IF($E$3="PCR1",_xlfn._xlws.FILTER('LC Calculations'!$U$18:$U$41,'LC Calculations'!$P$18:$P$41=B30),"")} | G30: {=IF($E$3="PCR2",_xlfn._xlws.FILTER('LC Calculations'!$T$18:$T$41,'LC Calculations'!$P$18:$P$41=B30),"")} -> 0 | H30: {=IF($E$3="PCR2",10*_xlfn._xlws.FILTER('LC Calculations'!$AD$18:$AD$41,'LC Calculations'!$P$18:$P$41=B30),"")} -> 0 | I30: {=IF($E$3="PCR2",_xlfn._xlws.FILTER('LC Calculations'!$U$18:$U$41,'LC Calculations'!$P$18:$P$41=B30),"")} -> 0
B31: ='Sample List'!B30 -> POS Control | C31: ='Sample List'!C30 -> Human Male DNA 10ng/uL | D31: =IF(E3="PCR1",'LC Calculations'!T12,"") | E31: =IF(E3="PCR1",'LC Calculations'!AD12,"") | F31: =IF(E3="PCR1",'LC Calculations'!U12,"") | G31: =IF(E3="PCR2",'LC Calculations'!T12,"") -> 0 | H31: =IF(E3="PCR2",'LC Calculations'!AD12,"") -> 0 | I31: =IF(E3="PCR2",'LC Calculations'!U12,"") -> 0 | K31: Graphical Representation
B32: ='Sample List'!B31 -> NEG Control | C32: ='Sample List'!C31 -> NF-Water | D32: =IF(E3="PCR1",'LC Calculations'!T13,"") | E32: =IF(E3="PCR1",'LC Calculations'!AD13,"") | F32: =IF(E3="PCR1",'LC Calculations'!U13,"") | G32: =IF(E3="PCR2",'LC Calculations'!T13,"") -> 0 | H32: =IF(E3="PCR2",'LC Calculations'!AD13,"") -> 0 | I32: =IF(E3="PCR2",'LC Calculations'!U13,"") -> 0
B33: *Actual Sample Concentration, Calculated as 10x LightCycler Output
B35: Conditional Formatting Key
B36: Text | C36: Cp too Low/Conc too High, Requires Repeat with Dilution in PCR2 | V36: Plot Analysis:
B37: Text | C37: Cp too Low/Conc too High, Result may be Unreliable | V37: =INTERCEPT(L23:L28,N23:N28) -> 0 | W37: = Y-intercept
B38: Text | C38: Cp too High/Conc too Low to Accurately Quantify | V38: =SLOPE(L23:L28,N23:N28) -> 0 | W38: = Slope
B39: Text | C39: SEM too High to be reliable, Investigate Individual Cps
V40: =10^(-1/V38) -> #DIV/0! | W40: = PCR Efficiency
V41: =(V40-1)*100 -> #DIV/0! | W41: = %PCR Efficiency
V42: =RSQ(L23:L28,N23:N28) -> #DIV/0! | W42: = R Squared
K55: Acceptance Criteria
K57: Criteria | M57: Acceptance Range | N57: Results | O57: Pass/Fail?
K58: PCR Efficiency Result | M58: 85%-115% | N58: =V41 -> #DIV/0! | O58: =IF(N58<115,IF(N58>85,"PASS","FAIL"),"FAIL") -> #DIV/0!
K59: R^2 | M59: ≥0.98 | N59: =V42 -> #DIV/0! | O59: =IF(N59>=0.98,"PASS","FAIL") -> #DIV/0!
K60: NTC | M60: Ct/Cp ≥ 38 | N60: =L14 -> 0 | O60: =IF(N60<38,IF(N60>0.01,"FAIL","PASS"),"PASS") -> PASS
K61: Positive Control | M61: 5ng/µL-15ng/µL | N61: =IFERROR(E31/1000,H31/1000) -> 0 | O61: =IF(N61<15,IF(N61>5,"PASS","FAIL"),"FAIL") -> FAIL
N63: Passed Acceptance Criteria? = | O63: =IF(O58="PASS",IF(O59="PASS",IF(O60="PASS",IF(O61="PASS","TRUE"),"FALSE"),"FALSE"),"FALSE") -> #DIV/0!

Sheet QS Raw Results
A1: =IF('QS Raw Results'!A25>1, INDEX(_xlfn.TEXTSPLIT(A25,"\"),1,7), "Select All in .txt Export File and Paste into Cell A2") -> 2025-11-05_095412_DEN078_RNaseP-16S.eds
A2: * Block Type = 96-Well 0.2-mL Block
A3: * Calibration Background is expired = No
A4: * Calibration Background performed on = 11-18-2025
A5: * Calibration Pure Dye ABY is expired = No
A6: * Calibration Pure Dye ABY performed on = 11-18-2025
A7: * Calibration Pure Dye FAM is expired = No
A8: * Calibration Pure Dye FAM performed on = 11-18-2025
A9: * Calibration Pure Dye JUN is expired = No
A10: * Calibration Pure Dye JUN performed on = 11-18-2025
A11: * Calibration Pure Dye ROX is expired = No
A12: * Calibration Pure Dye ROX performed on = 11-18-2025
A13: * Calibration Pure Dye SYBR is expired = No
... A40: [Results]
A41: Well | B41: Well Position | C41: Omit | D41: Sample Name | E41: Target Name | F41: Task | G41: Reporter | H41: Quencher | I41: CT | J41: Ct Mean | K41: Ct SD | L41: Quantity | M41: Quantity Mean | N41: Quantity SD | O41: Y-Intercept | P41: R(superscript 2) | Q41: Slope | R41: Efficiency | S41: Automatic Ct Threshold | T41: Ct Threshold | U41: Automatic Baseline | V41: Baseline Start | W41: Baseline End | X41: Amp Status | Y41: Comments | Z41: Cq Conf | AA41: CQCONF | AB41: EXPFAIL | AC41: HIGHSD
A42: 1 | B42: A1 | C42: FALSE | D42: Standard 1 | E42: Target 1 | F42: UNKNOWN | G42: FAM | H42: NFQ-MGB | I42: 21.844 | J42: 21.936 | K42: 0.134 | S42: TRUE | T42: 0.207 | U42: TRUE | V42: 3 | W42: 17 | X42: Amp | Z42: 0.972 | AA42: N | AB42: N | AC42: N
A43: 1 | B43: A1 | C43: FALSE | D43: Standard 1 | E43: Target 2 | F43: UNKNOWN | G43: VIC | H43: NFQ-MGB | I43: 13.061 | J43: 13.128 | K43: 0.1 | S43: TRUE | T43: 0.164 | U43: TRUE | V43: 3 | W43: 8 | X43: Amp | Z43: 0.958 | AA43: N | AB43: N | AC43: N
A44: 2 | B44: A2 | C44: FALSE | D44: Standard 1 | E44: Target 1 | F44: UNKNOWN | G44: FAM | H44: NFQ-MGB | I44: 21.874 | J44: 21.936 | K44: 0.134 | S44: TRUE | T44: 0.207 | U44: TRUE | V44: 3 | W44: 17 | X44: Amp | Z44: 0.958 | AA44: N | AB44: N | AC44: N
A45: 2 | B45: A2 | C45: FALSE | D45: Standard 1 | E45: Target 2 | F45: UNKNOWN | G45: VIC | H45: NFQ-MGB | I45: 13.081 | J45: 13.128 | K45: 0.1 | S45: TRUE | T45: 0.164 | U45: TRUE | V45: 3 | W45: 8 | X45: Amp | Z45: 0.954 | AA45: N | AB45: N | AC45: N
A46: 3 | B46: A3 | C46: FALSE | D46: Standard 1 | E46: Target 1 | F46: UNKNOWN | G46: FAM | H46: NFQ-MGB | I46: 22.089 | J46: 21.936 | K46: 0.134 | S46: TRUE | T46: 0.207 | U46: TRUE | V46: 3 | W46: 17 | X46: Amp | Z46: 0.954 | AA46: N | AB46: N | AC46: N
A47: 3 | B47: A3 | C47: FALSE | D47: Standard 1 | E47: Target 2 | F47: UNKNOWN | G47: VIC | H47: NFQ-MGB | I47: 13.243 | J47: 13.128 | K47: 0.1 | S47: TRUE | T47: 0.164 | U47: TRUE | V47: 3 | W47: 8 | X47: Amp | Z47: 0.956 | AA47: N | AB47: N | AC47: N
A48: 4 | B48: A4 | C48: FALSE | D48: Sample 1 | E48: Target 1 | F48: UNKNOWN | G48: FAM | H48: NFQ-MGB | I48: 32.4 | J48: 32.741 | K48: 0.302 | S48: TRUE | T48: 0.207 | U48: TRUE | V48: 3 | W48: 27 | X48: Amp | Z48: 0.95 | AA48: N | AB48: N | AC48: N
A49: 4 | B49: A4 | C49: FALSE | D49: Sample 1 | E49: Target 2 | F49: UNKNOWN | G49: VIC | H49: NFQ-MGB | I49: 20.882 | J49: 20.918 | K49: 0.079 | S49: TRUE | T49: 0.164 | U49: TRUE | V49: 3 | W49: 16 | X49: Amp | Z49: 0.961 | AA49: N | AB49: N | AC49: N
A50: 5 | B50: A5 | C50: FALSE | D50: Sample 1 | E50: Target 1 | F50: UNKNOWN | G50: FAM | H50: NFQ-MGB | I50: 32.847 | J50: 32.741 | K50: 0.302 | S50: TRUE | T50: 0.207 | U50: TRUE | V50: 3 | W50: 28 | X50: Amp | Z50: 0.941 | AA50: N | AB50: N | AC50: N
A51: 5 | B51: A5 | C51: FALSE | D51: Sample 1 | E51: Target 2 | F51: UNKNOWN | G51: VIC | H51: NFQ-MGB | I51: 21.008 | J51: 20.918 | K51: 0.079 | S51: TRUE | T51: 0.164 | U51: TRUE | V51: 3 | W51: 15 | X51: Amp | Z51: 0.965 | AA51: N | AB51: N | AC51: N
A52: 6 | B52: A6 | C52: FALSE | D52: Sample 1 | E52: Target 1 | F52: UNKNOWN | G52: FAM | H52: NFQ-MGB | I52: 32.975 | J52: 32.741 | K52: 0.302 | S52: TRUE | T52: 0.207 | U52: TRUE | V52: 3 | W52: 28 | X52: Amp | Z52: 0.95 | AA52: N | AB52: N | AC52: N
A53: 6 | B53: A6 | C53: FALSE | D53: Sample 1 | E53: Target 2 | F53: UNKNOWN | G53: VIC | H53: NFQ-MGB | I53: 20.864 | J53: 20.918 | K53: 0.079 | S53: TRUE | T53: 0.164 | U53: TRUE | V53: 3 | W53: 16 | X53: Amp | Z53: 0.965 | AA53: N | AB53: N | AC53: N
... A187: 74 | B187: G2 | C187: FALSE | D187: Human DNA Male | E187: Target 1 | F187: UNKNOWN | G187: FAM | H187: NFQ-MGB | I187: 26.705 | J187: 27.154 | K187: 0.596 | S187: TRUE | T187: 0.207 | U187: TRUE | V187: 3 | W187: 21 | X187: Amp | Z187: 0.933 | AA187: N | AB187: N | AC187: Y
A188: 75 | B188: G3 | C188: FALSE | D188: Human DNA Male | E188: Target 1 | F188: UNKNOWN | G188: FAM | H188: NFQ-MGB | S188: TRUE | T188: 0.207 | U188: TRUE | V188: 3 | W188: 22 | X188: Amp | Z188: 0.942 | AA188: N | AB188: N | AC188: Y
A189: 76 | B189: G4 | C189: FALSE | D189: Sample 7 | E189: Target 1 | F189: UNKNOWN | G189: FAM | H189: NFQ-MGB | I189: 34.516 | J189: 33.127 | K189: 1.213 | S189: TRUE | T189: 0.207 | U189: TRUE | V189: 3 | W189: 29 | X189: Amp | Z189: 0.938 | AA189: N | AB189: N | AC189: Y
A190: 76 | B190: G4 | C190: FALSE | D190: Sample 7 | E190: Target 2 | F190: UNKNOWN | G190: VIC | H190: NFQ-MGB | I190: 18.567 | J190: 18.201 | K190: 0.317 | S190: TRUE | T190: 0.164 | U190: TRUE | V190: 3 | W190: 13 | X190: Amp | Z190: 0.963 | AA190: N | AB190: N | AC190: N
A191: 77 | B191: G5 | C191: FALSE | D191: Sample 7 | E191: Target 1 | F191: UNKNOWN | G191: FAM | H191: NFQ-MGB | I191: 32.584 | J191: 33.127 | K191: 1.213 | S191: TRUE | T191: 0.207 | U191: TRUE | V191: 3 | W191: 28 | X191: Amp | Z191: 0.957 | AA191: N | AB191: N | AC191: Y
A192: 77 | B192: G5 | C192: FALSE | D192: Sample 7 | E192: Target 2 | F192: UNKNOWN | G192: VIC | H192: NFQ-MGB | I192: 18.014 | J192: 18.201 | K192: 0.317 | S192: TRUE | T192: 0.164 | U192: TRUE | V192: 3 | W192: 13 | X192: Amp | Z192: 0.964 | AA192: N | AB192: N | AC192: N
A193: 78 | B193: G6 | C193: FALSE | D193: Sample 7 | E193: Target 1 | F193: UNKNOWN | G193: FAM | H193: NFQ-MGB | I193: 32.28 | J193: 33.127 | K193: 1.213 | S193: TRUE | T193: 0.207 | U193: TRUE | V193: 3 | W193: 27 | X193: Amp | Z193: 0.953 | AA193: N | AB193: N | AC193: Y
A194: 78 | B194: G6 | C194: FALSE | D194: Sample 7 | E194: Target 2 | F194: UNKNOWN | G194: VIC | H194: NFQ-MGB | I194: 18.022 | J194: 18.201 | K194: 0.317 | S194: TRUE | T194: 0.164 | U194: TRUE | V194: 3 | W194: 13 | X194: Amp | Z194: 0.963 | AA194: N | AB194: N | AC194: N
A195: 79 | B195: G7 | C195: FALSE | D195: Sample 15 | E195: Target 1 | F195: UNKNOWN | G195: FAM | H195: NFQ-MGB | I195: 34.283 | J195: 34.29 | K195: 0.131 | S195: TRUE | T195: 0.207 | U195: TRUE | V195: 3 | W195: 29 | X195: Amp | Z195: 0.945 | AA195: N | AB195: N | AC195: N
A196: 79 | B196: G7 | C196: FALSE | D196: Sample 15 | E196: Target 2 | F196: UNKNOWN | G196: VIC | H196: NFQ-MGB | I196: 22.09 | J196: 22.122 | K196: 0.028 | S196: TRUE | T196: 0.164 | U196: TRUE | V196: 3 | W196: 17 | X196: Amp | Z196: 0.963 | AA196: N | AB196: N | AC196: N
A197: 80 | B197: G8 | C197: FALSE | D197: Sample 15 | E197: Target 1 | F197: UNKNOWN | G197: FAM | H197: NFQ-MGB | I197: 34.423 | J197: 34.29 | K197: 0.131 | S197: TRUE | T197: 0.207 | U197: TRUE | V197: 3 | W197: 29 | X197: Amp | Z197: 0.941 | AA197: N | AB197: N | AC197: N
A198: 80 | B198: G8 | C198: FALSE | D198: Sample 15 | E198: Target 2 | F198: UNKNOWN | G198: VIC | H198: NFQ-MGB | I198: 22.135 | J198: 22.122 | K198: 0.028 | S198: TRUE | T198: 0.164 | U198: TRUE | V198: 3 | W198: 17 | X198: Amp | Z198: 0.964 | AA198: N | AB198: N | AC198: N
A199: 81 | B199: G9 | C199: FALSE | D199: Sample 15 | E199: Target 1 | F199: UNKNOWN | G199: FAM | H199: NFQ-MGB | I199: 34.162 | J199: 34.29 | K199: 0.131 | S199: TRUE | T199: 0.207 | U199: TRUE | V199: 3 | W199: 29 | X199: Amp | Z199: 0.943 | AA199: N | AB199: N | AC199: N
A200: 81 | B200: G9 | C200: FALSE | D200: Sample 15 | E200: Target 2 | F200: UNKNOWN | G200: VIC | H200: NFQ-MGB | I200: 22.142 | J200: 22.122 | K200: 0.028 | S200: TRUE | T200: 0.164 | U200: TRUE | V200: 3 | W200: 17 | X200: Amp | Z200: 0.962 | AA200: N | AB200: N | AC200: N
A201: 82 | B201: G10 | C201: FALSE | D201: Sample 23 | E201: Target 1 | F201: UNKNOWN | G201: FAM | H201: NFQ-MGB | I201: Undetermined | S201: TRUE | T201: 0.207 | U201: TRUE | V201: 3 | W201: 44 | X201: No Amp | Z201: 0 | AA201: Y | AB201: Y | AC201: N
A202: 82 | B202: G10 | C202: FALSE | D202: Sample 23 | E202: Target 2 | F202: UNKNOWN | G202: VIC | H202: NFQ-MGB | I202: 29.566 | J202: 29.804 | K202: 0.3 | S202: TRUE | T202: 0.164 | U202: TRUE | V202: 3 | W202: 24 | X202: Amp | Z202: 0.951 | AA202: N | AB202: N | AC202: N
A203: 83 | B203: G11 | C203: FALSE | D203: Sample 23 | E203: Target 1 | F203: UNKNOWN | G203: FAM | H203: NFQ-MGB | I203: Undetermined | S203: TRUE | T203: 0.207 | U203: TRUE | V203: 3 | W203: 44 | X203: No Amp | Z203: 0 | AA203: Y | AB203: Y | AC203: N
A204: 83 | B204: G11 | C204: FALSE | D204: Sample 23 | E204: Target 2 | F204: UNKNOWN | G204: VIC | H204: NFQ-MGB | I204: 29.703 | J204: 29.804 | K204: 0.3 | S204: TRUE | T204: 0.164 | U204: TRUE | V204: 3 | W204: 24 | X204: Amp | Z204: 0.954 | AA204: N | AB204: N | AC204: N
A205: 84 | B205: G12 | C205: FALSE | D205: Sample 23 | E205: Target 1 | F205: UNKNOWN | G205: FAM | H205: NFQ-MGB | I205: Undetermined | S205: TRUE | T205: 0.207 | U205: TRUE | V205: 3 | W205: 44 | X205: No Amp | Z205: 0 | AA205: Y | AB205: Y | AC205: N
A206: 84 | B206: G12 | C206: FALSE | D206: Sample 23 | E206: Target 2 | F206: UNKNOWN | G206: VIC | H206: NFQ-MGB | I206: 30.141 | J206: 29.804 | K206: 0.3 | S206: TRUE | T206: 0.164 | U206: TRUE | V206: 3 | W206: 25 | X206: Amp | Z206: 0.954 | AA206: N | AB206: N | AC206: N
A207: 85 | B207: H1 | C207: FALSE | D207: NTC | E207: Target 1 | F207: UNKNOWN | G207: FAM | H207: NFQ-MGB | I207: Undetermined | S207: TRUE | T207: 0.207 | U207: TRUE | V207: 3 | W207: 44 | X207: No Amp | Z207: 0 | AA207: Y | AB207: Y | AC207: N
A208: 85 | B208: H1 | C208: FALSE | D208: NTC | E208: Target 2 | F208: UNKNOWN | G208: VIC | H208: NFQ-MGB | I208: 35.605 | J208: 35.291 | K208: 0.297 | S208: TRUE | T208: 0.164 | U208: TRUE | V208: 3 | W208: 30 | X208: Amp | Z208: 0.915 | AA208: N | AB208: N | AC208: N
A209: 86 | B209: H2 | C209: FALSE | D209: NTC | E209: Target 1 | F209: UNKNOWN | G209: FAM | H209: NFQ-MGB | I209: Undetermined | S209: TRUE | T209: 0.207 | U209: TRUE | V209: 3 | W209: 44 | X209: No Amp | Z209: 0 | AA209: Y | AB209: Y | AC209: N
A210: 86 | B210: H2 | C210: FALSE | D210: NTC | E210: Target 2 | F210: UNKNOWN | G210: VIC | H210: NFQ-MGB | I210: 35.014 | J210: 35.291 | K210: 0.297 | S210: TRUE | T210: 0.164 | U210: TRUE | V210: 3 | W210: 30 | X210: Amp | Z210: 0.927 | AA210: N | AB210: N | AC210: N
A211: 87 | B211: H3 | C211: FALSE | D211: NTC | E211: Target 1 | F211: UNKNOWN | G211: FAM | H211: NFQ-MGB | I211: Undetermined | S211: TRUE | T211: 0.207 | U211: TRUE | V211: 3 | W211: 44 | X211: No Amp | Z211: 0 | AA211: Y | AB211: Y | AC211: N
A212: 87 | B212: H3 | C212: FALSE | D212: NTC | E212: Target 2 | F212: UNKNOWN | G212: VIC | H212: NFQ-MGB | I212: 35.254 | J212: 35.291 | K212: 0.297 | S212: TRUE | T212: 0.164 | U212: TRUE | V212: 3 | W212: 30 | X212: Amp | Z212: 0.94 | AA212: N | AB212: N | AC212: N
A213: 88 | B213: H4 | C213: FALSE | D213: Sample 8 | E213: Target 1 | F213: UNKNOWN | G213: FAM | H213: NFQ-MGB | I213: 30.172 | J213: 30.155 | K213: 0.085 | S213: TRUE | T213: 0.207 | U213: TRUE | V213: 3 | W213: 25 | X213: Amp | Z213: 0.942 | AA213: N | AB213: N | AC213: N
A214: 88 | B214: H4 | C214: FALSE | D214: Sample 8 | E214: Target 2 | F214: UNKNOWN | G214: VIC | H214: NFQ-MGB | I214: 17.816 | J214: 17.745 | K214: 0.073 | S214: TRUE | T214: 0.164 | U214: TRUE | V214: 3 | W214: 13 | X214: Amp | Z214: 0.962 | AA214: N | AB214: N | AC214: N
A215: 89 | B215: H5 | C215: FALSE | D215: Sample 8 | E215: Target 1 | F215: UNKNOWN | G215: FAM | H215: NFQ-MGB | I215: 30.23 | J215: 30.155 | K215: 0.085 | S215: TRUE | T215: 0.207 | U215: TRUE | V215: 3 | W215: 25 | X215: Amp | Z215: 0.935 | AA215: N | AB215: N | AC215: N
A216: 89 | B216: H5 | C216: FALSE | D216: Sample 8 | E216: Target 2 | F216: UNKNOWN | G216: VIC | H216: NFQ-MGB | I216: 17.748 | J216: 17.745 | K216: 0.073 | S216: TRUE | T216: 0.164 | U216: TRUE | V216: 3 | W216: 12 | X216: Amp | Z216: 0.955 | AA216: N | AB216: N | AC216: N
A217: 90 | B217: H6 | C217: FALSE | D217: Sample 8 | E217: Target 1 | F217: UNKNOWN | G217: FAM | H217: NFQ-MGB | I217: 30.062 | J217: 30.155 | K217: 0.085 | S217: TRUE | T217: 0.207 | U217: TRUE | V217: 3 | W217: 25 | X217: Amp | Z217: 0.956 | AA217: N | AB217: N | AC217: N
A218: 90 | B218: H6 | C218: FALSE | D218: Sample 8 | E218: Target 2 | F218: UNKNOWN | G218: VIC | H218: NFQ-MGB | I218: 17.67 | J218: 17.745 | K218: 0.073 | S218: TRUE | T218: 0.164 | U218: TRUE | V218: 3 | W218: 12 | X218: Amp | Z218: 0.965 | AA218: N | AB218: N | AC218: N
A219: 91 | B219: H7 | C219: FALSE | D219: Sample 16 | E219: Target 1 | F219: UNKNOWN | G219: FAM | H219: NFQ-MGB | I219: 31.149 | J219: 31.246 | K219: 0.085 | S219: TRUE | T219: 0.207 | U219: TRUE | V219: 3 | W219: 26 | X219: Amp | Z219: 0.938 | AA219: N | AB219: N | AC219: N
A220: 91 | B220: H7 | C220: FALSE | D220: Sample 16 | E220: Target 2 | F220: UNKNOWN | G220: VIC | H220: NFQ-MGB | I220: 16.093 | J220: 16.218 | K220: 0.124 | S220: TRUE | T220: 0.164 | U220: TRUE | V220: 3 | W220: 11 | X220: Amp | Z220: 0.955 | AA220: N | AB220: N | AC220: N
A221: 92 | B221: H8 | C221: FALSE | D221: Sample 16 | E221: Target 1 | F221: UNKNOWN | G221: FAM | H221: NFQ-MGB | I221: 31.308 | J221: 31.246 | K221: 0.085 | S221: TRUE | T221: 0.207 | U221: TRUE | V221: 3 | W221: 26 | X221: Amp | Z221: 0.934 | AA221: N | AB221: N | AC221: N
A222: 92 | B222: H8 | C222: FALSE | D222: Sample 16 | E222: Target 2 | F222: UNKNOWN | G222: VIC | H222: NFQ-MGB | I222: 16.22 | J222: 16.218 | K222: 0.124 | S222: TRUE | T222: 0.164 | U222: TRUE | V222: 3 | W222: 11 | X222: Amp | Z222: 0.971 | AA222: N | AB222: N | AC222: N
A223: 93 | B223: H9 | C223: FALSE | D223: Sample 16 | E223: Target 1 | F223: UNKNOWN | G223: FAM | H223: NFQ-MGB | I223: 31.281 | J223: 31.246 | K223: 0.085 | S223: TRUE | T223: 0.207 | U223: TRUE | V223: 3 | W223: 26 | X223: Amp | Z223: 0.957 | AA223: N | AB223: N | AC223: N
A224: 93 | B224: H9 | C224: FALSE | D224: Sample 16 | E224: Target 2 | F224: UNKNOWN | G224: VIC | H224: NFQ-MGB | I224: 16.34 | J224: 16.218 | K224: 0.124 | S224: TRUE | T224: 0.164 | U224: TRUE | V224: 3 | W224: 11 | X224: Amp | Z224: 0.961 | AA224: N | AB224: N | AC224: N
A225: 94 | B225: H10 | C225: FALSE | D225: Sample 24 | E225: Target 1 | F225: UNKNOWN | G225: FAM | H225: NFQ-MGB | I225: Undetermined | S225: TRUE | T225: 0.207 | U225: TRUE | V225: 3 | W225: 44 | X225: No Amp | Z225: 0 | AA225: Y | AB225: Y | AC225: N
A226: 94 | B226: H10 | C226: FALSE | D226: Sample 24 | E226: Target 2 | F226: UNKNOWN | G226: VIC | H226: NFQ-MGB | I226: 29.429 | J226: 29.738 | K226: 0.481 | S226: TRUE | T226: 0.164 | U226: TRUE | V226: 3 | W226: 24 | X226: Amp | Z226: 0.951 | AA226: N | AB226: N | AC226: N
A227: 95 | B227: H11 | C227: FALSE | D227: Sample 24 | E227: Target 1 | F227: UNKNOWN | G227: FAM | H227: NFQ-MGB | I227: Undetermined | S227: TRUE | T227: 0.207 | U227: TRUE | V227: 3 | W227: 44 | X227: No Amp | Z227: 0 | AA227: Y | AB227: Y | AC227: N
A228: 95 | B228: H11 | C228: FALSE | D228: Sample 24 | E228: Target 2 | F228: UNKNOWN | G228: VIC | H228: NFQ-MGB | I228: 30.292 | J228: 29.738 | K228: 0.481 | S228: TRUE | T228: 0.164 | U228: TRUE | V228: 3 | W228: 25 | X228: Amp | Z228: 0.942 | AA228: N | AB228: N | AC228: N
A229: 96 | B229: H12 | C229: FALSE | D229: Sample 24 | E229: Target 1 | F229: UNKNOWN | G229: FAM | H229: NFQ-MGB | I229: Undetermined | S229: TRUE | T229: 0.207 | U229: TRUE | V229: 3 | W229: 44 | X229: No Amp | Z229: 0 | AA229: Y | AB229: Y | AC229: N
A230: 96 | B230: H12 | C230: FALSE | D230: Sample 24 | E230: Target 2 | F230: UNKNOWN | G230: VIC | H230: NFQ-MGB | I230: 29.492 | J230: 29.738 | K230: 0.481 | S230: TRUE | T230: 0.164 | U230: TRUE | V230: 3 | W230: 24 | X230: Amp | Z230: 0.957 | AA230: N | AB230: N | AC230: N

Sheet QS Calculations
B3: Cps FAM | P3: Standards FAM | Z3: Standards VIC
C5: 1 | D5: 2 | E5: 3 | F5: 4 | G5: 5 | H5: 6 | I5: 7 | J5: 8 | K5: 9 | L5: 10 | M5: 11 | N5: 12 | P5: Sample | Q5: Cp1 | R5: Cp2 | S5: Cp3 | T5: Mean Cp | U5: SEM | V5: Calculated Mean Conc. (ng/mL) | Z5: Sample | AA5: Cp1 | AB5: Cp2 | AC5: Cp3 | AD5: Mean Cp | AE5: SEM | AF5: Calculated Mean Conc. (ng/mL)
B6: A | C6: {=IF(VLOOKUP($B6&C$5&"FAM",CHOOSE({1,2},TRIM('QS Raw Results'!$B$41:$B$233)&TRIM('QS Raw Results'!$G$41:$G$233),'QS Raw Results'!$I$41:$I$233),2,FALSE)="Undetermined",0,VLOOKUP($B6&C$5&"FAM",CHOOSE({1,2},TRIM('QS Raw Results'!$B$41:$B$233)&TRIM('QS Raw Results'!$G$41:$G$233),'QS Raw Results'!$I$41:$I$233),2,FALSE))} -> 21.844 | D6: {=IF(VLOOKUP($B6&D$5&"FAM",CHOOSE({1,2},TRIM('QS Raw Results'!$B$41:$B$233)&TRIM('QS Raw Results'!$G$41:$G$233),'QS Raw Results'!$I$41:$I$233),2,FALSE)="Undetermined",0,VLOOKUP($B6&D$5&"FAM",CHOOSE({1,2},TRIM('QS Raw Results'!$B$41:$B$233)&TRIM('QS Raw Results'!$G$41:$G$233),'QS Raw Results'!$I$41:$I$233),2,FALSE))} -> 21.874 | E6: {=IF(VLOOKUP($B6&E$5&"FAM",CHOOSE({1,2},TRIM('QS Raw Results'!$B$41:$B$233)&TRIM('QS Raw Results'!$G$41:$G$233),'QS Raw Results'!$I$41:$I$233),2,FALSE)="Undetermined",0,VLOOKUP($B6&E$5&"FAM",CHOOSE({1,2},TRIM('QS Raw Results'!$B$41:$B$233)&TRIM('QS Raw Results'!$G$41:$G$233),'QS Raw Results'!$I$41:$I$233),2,FALSE))} -> 22.089 | F6: {=IF(VLOOKUP($B6&F$5&"FAM",CHOOSE({1,2},TRIM('QS Raw Results'!$B$41:$B$233)&TRIM('QS Raw Results'!$G$41:$G$233),'QS Raw Results'!$I$41:$I$233),2,FALSE)="Undetermined",0,VLOOKUP($B6&F$5&"FAM",CHOOSE({1,2},TRIM('QS Raw Results'!$B$41:$B$233)&TRIM('QS Raw Results'!$G$41:$G$233),'QS Raw Results'!$I$41:$I$233),2,FALSE))} -> 32.4 | G6: {=IF(VLOOKUP($B6&G$5&"FAM",CHOOSE({1,2},TRIM('QS Raw Results'!$B$41:$B$233)&TRIM('QS Raw Results'!$G$41:$G$233),'QS Raw Results'!$I$41:$I$233),2,FALSE)="Undetermined",0,VLOOKUP($B6&G$5&"FAM",CHOOSE({1,2},TRIM('QS Raw Results'!$B$41:$B$233)&TRIM('QS Raw Results'!$G$41:$G$233),'QS Raw Results'!$I$41:$I$233),2,FALSE))} -> 32.847 | H6: {=IF(VLOOKUP($B6&H$5&"FAM",CHOOSE({1,2},TRIM('QS Raw Results'!$B$41:$B$233)&TRIM('QS Raw Results'!$G$41:$G$233),'QS Raw Results'!$I$41:$I$233),2,FALSE)="Undetermined",0,VLOOKUP($B6&H$5&"FAM",CHOOSE({1,2},TRIM('QS Raw Results'!$B$41:$B$233)&TRIM('QS Raw Results'!$G$41:$G$233),'QS Raw Results'!$I$41:$I$233),2,FALSE))} -> 32.975 | I6: {=IF(VLOOKUP($B6&I$5&"FAM",CHOOSE({1,2},TRIM('QS Raw Results'!$B$41:$B$233)&TRIM('QS Raw Results'!$G$41:$G$233),'QS Raw Results'!$I$41:$I$233),2,FALSE)="Undetermined",0,VLOOKUP($B6&I$5&"FAM",CHOOSE({1,2},TRIM('QS Raw Results'!$B$41:$B$233)&TRIM('QS Raw Results'!$G$41:$G$233),'QS Raw Results'!$I$41:$I$233),2,FALSE))} -> 26.863 | J6: {=IF(VLOOKUP($B6&J$5&"FAM",CHOOSE({1,2},TRIM('QS Raw Results'!$B$41:$B$233)&TRIM('QS Raw Results'!$G$41:$G$233),'QS Raw Results'!$I$41:$I$233),2,FALSE)="Undetermined",0,VLOOKUP($B6&J$5&"FAM",CHOOSE({1,2},TRIM('QS Raw Results'!$B$41:$B$233)&TRIM('QS Raw Results'!$G$41:$G$233),'QS Raw Results'!$I$41:$I$233),2,FALSE))} -> 26.876 | ... N6: {=IF(VLOOKUP($B6&N$5&"FAM",CHOOSE({1,2},TRIM('QS Raw Results'!$B$41:$B$233)&TRIM('QS Raw Results'!$G$41:$G$233),'QS Raw Results'!$I$41:$I$233),2,FALSE)="Undetermined",0,VLOOKUP($B6&N$5&"FAM",CHOOSE({1,2},TRIM('QS Raw Results'!$B$41:$B$233)&TRIM('QS Raw Results'!$G$41:$G$233),'QS Raw Results'!$I$41:$I$233),2,FALSE))} -> 32.329 | P6: Std. 1 | Q6: {=C6:E6} -> 21.844 | R6: 21.874 | S6: 22.089 | T6: =IFERROR(AVERAGEIF(_xlfn.ANCHORARRAY(Q6),"<>0"),0) -> 21.935667 | U6: =IFERROR((_xlfn.STDEV.P(Q6:S6)/SQRT(3)),0) -> 0.062996179 | V6: =IF(T6=0,0,10^((T6-'QS RNase P Analysis'!$R$34)/'QS RNase P Analysis'!$R$35)) -> 137416.39 | Z6: Std. 1 | AA6: {=C19:E19} -> 13.061 | AB6: 13.081 | AC6: 13.243 | AD6: =IFERROR(AVERAGEIF(_xlfn.ANCHORARRAY(AA6),"<>0"),0) -> 13.128333 | AE6: =IFERROR((_xlfn.STDEV.P(AA6:AC6)/SQRT(3)),0) -> 0.047049226 | AF6: =IF(AD6=0,0,10^((AD6-'QS 16S Analysis'!$R$34)/'QS 16S Analysis'!$R$35)) -> 19397.465
B7: B | C7: {=IF(VLOOKUP($B7&C$5&"FAM",CHOOSE({1,2},TRIM('QS Raw Results'!$B$41:$B$233)&TRIM('QS Raw Results'!$G$41:$G$233),'QS Raw Results'!$I$41:$I$233),2,FALSE)="Undetermined",0,VLOOKUP($B7&C$5&"FAM",CHOOSE({1,2},TRIM('QS Raw Results'!$B$41:$B$233)&TRIM('QS Raw Results'!$G$41:$G$233),'QS Raw Results'!$I$41:$I$233),2,FALSE))} -> 24.036 | D7: {=IF(VLOOKUP($B7&D$5&"FAM",CHOOSE({1,2},TRIM('QS Raw Results'!$B$41:$B$233)&TRIM('QS Raw Results'!$G$41:$G$233),'QS Raw Results'!$I$41:$I$233),2,FALSE)="Undetermined",0,VLOOKUP($B7&D$5&"FAM",CHOOSE({1,2},TRIM('QS Raw Results'!$B$41:$B$233)&TRIM('QS Raw Results'!$G$41:$G$233),'QS Raw Results'!$I$41:$I$233),2,FALSE))} -> 24.011 | E7: {=IF(VLOOKUP($B7&E$5&"FAM",CHOOSE({1,2},TRIM('QS Raw Results'!$B$41:$B$233)&TRIM('QS Raw Results'!$G$41:$G$233),'QS Raw Results'!$I$41:$I$233),2,FALSE)="Undetermined",0,VLOOKUP($B7&E$5&"FAM",CHOOSE({1,2},TRIM('QS Raw Results'!$B$41:$B$233)&TRIM('QS Raw Results'!$G$41:$G$233),'QS Raw Results'!$I$41:$I$233),2,FALSE))} -> 23.974 | F7: {=IF(VLOOKUP($B7&F$5&"FAM",CHOOSE({1,2},TRIM('QS Raw Results'!$B$41:$B$233)&TRIM('QS Raw Results'!$G$41:$G$233),'QS Raw Results'!$I$41:$I$233),2,FALSE)="Undetermined",0,VLOOKUP($B7&F$5&"FAM",CHOOSE({1,2},TRIM('QS Raw Results'!$B$41:$B$233)&TRIM('QS Raw Results'!$G$41:$G$233),'QS Raw Results'!$I$41:$I$233),2,FALSE))} -> 31.687 | G7: {=IF(VLOOKUP($B7&G$5&"FAM",CHOOSE({1,2},TRIM('QS Raw Results'!$B$41:$B$233)&TRIM('QS Raw Results'!$G$41:$G$233),'QS Raw Results'!$I$41:$I$233),2,FALSE)="Undetermined",0,VLOOKUP($B7&G$5&"FAM",CHOOSE({1,2},TRIM('QS Raw Results'!$B$41:$B$233)&TRIM('QS Raw Results'!$G$41:$G$233),'QS Raw Results'!$I$41:$I$233),2,FALSE))} -> 31.851 | H7: {=IF(VLOOKUP($B7&H$5&"FAM",CHOOSE({1,2},TRIM('QS Raw Results'!$B$41:$B$233)&TRIM('QS Raw Results'!$G$41:$G$233),'QS Raw Results'!$I$41:$I$233),2,FALSE)="Undetermined",0,VLOOKUP($B7&H$5&"FAM",CHOOSE({1,2},TRIM('QS Raw Results'!$B$41:$B$233)&TRIM('QS Raw Results'!$G$41:$G$233),'QS Raw Results'!$I$41:$I$233),2,FALSE))} -> 31.903 | I7: {=IF(VLOOKUP($B7&I$5&"FAM",CHOOSE({1,2},TRIM('QS Raw Results'!$B$41:$B$233)&TRIM('QS Raw Results'!$G$41:$G$233),'QS Raw Results'!$I$41:$I$233),2,FALSE)="Undetermined",0,VLOOKUP($B7&I$5&"FAM",CHOOSE({1,2},TRIM('QS Raw Results'!$B$41:$B$233)&TRIM('QS Raw Results'!$G$41:$G$233),'QS Raw Results'!$I$41:$I$233),2,FALSE))} -> 29.749 | J7: {=IF(VLOOKUP($B7&J$5&"FAM",CHOOSE({1,2},TRIM('QS Raw Results'!$B$41:$B$233)&TRIM('QS Raw Results'!$G$41:$G$233),'QS Raw Results'!$I$41:$I$233),2,FALSE)="Undetermined",0,VLOOKUP($B7&J$5&"FAM",CHOOSE({1,2},TRIM('QS Raw Results'!$B$41:$B$233)&TRIM('QS Raw Results'!$G$41:$G$233),'QS Raw Results'!$I$41:$I$233),2,FALSE))} -> 29.599 | ... N7: {=IF(VLOOKUP($B7&N$5&"FAM",CHOOSE({1,2},TRIM('QS Raw Results'!$B$41:$B$233)&TRIM('QS Raw Results'!$G$41:$G$233),'QS Raw Results'!$I$41:$I$233),2,FALSE)="Undetermined",0,VLOOKUP($B7&N$5&"FAM",CHOOSE({1,2},TRIM('QS Raw Results'!$B$41:$B$233)&TRIM('QS Raw Results'!$G$41:$G$233),'QS Raw Results'!$I$41:$I$233),2,FALSE))} -> 32.378 | P7: Std. 2 | Q7: {=C7:E7} -> 24.036 | R7: 24.011 | S7: 23.974 | T7: =IFERROR(AVERAGEIF(_xlfn.ANCHORARRAY(Q7),"<>0"),0) -> 24.007 | U7: =IFERROR((_xlfn.STDEV.P(Q7:S7)/SQRT(3)),0) -> 0.014704497 | V7: =IF(T7=0,0,10^((T7-'QS RNase P Analysis'!$R$34)/'QS RNase P Analysis'!$R$35)) -> 35213.249 | Z7: Std. 2 | AA7: {=C20:E20} -> 16.265 | AB7: 16.202 | AC7: 16.139 | AD7: =IFERROR(AVERAGEIF(_xlfn.ANCHORARRAY(AA7),"<>0"),0) -> 16.202 | AE7: =IFERROR((_xlfn.STDEV.P(AA7:AC7)/SQRT(3)),0) -> 0.029698485 | AF7: =IF(AD7=0,0,10^((AD7-'QS 16S Analysis'!$R$34)/'QS 16S Analysis'!$R$35)) -> 2733.6508
B8: C | C8: {=IF(VLOOKUP($B8&C$5&"FAM",CHOOSE({1,2},TRIM('QS Raw Results'!$B$41:$B$233)&TRIM('QS Raw Results'!$G$41:$G$233),'QS Raw Results'!$I$41:$I$233),2,FALSE)="Undetermined",0,VLOOKUP($B8&C$5&"FAM",CHOOSE({1,2},TRIM('QS Raw Results'!$B$41:$B$233)&TRIM('QS Raw Results'!$G$41:$G$233),'QS Raw Results'!$I$41:$I$233),2,FALSE))} -> 26.28 | D8: {=IF(VLOOKUP($B8&D$5&"FAM",CHOOSE({1,2},TRIM('QS Raw Results'!$B$41:$B$233)&TRIM('QS Raw Results'!$G$41:$G$233),'QS Raw Results'!$I$41:$I$233),2,FALSE)="Undetermined",0,VLOOKUP($B8&D$5&"FAM",CHOOSE({1,2},TRIM('QS Raw Results'!$B$41:$B$233)&TRIM('QS Raw Results'!$G$41:$G$233),'QS Raw Results'!$I$41:$I$233),2,FALSE))} -> 26.151 | E8: {=IF(VLOOKUP($B8&E$5&"FAM",CHOOSE({1,2},TRIM('QS Raw Results'!$B$41:$B$233)&TRIM('QS Raw Results'!$G$41:$G$233),'QS Raw Results'!$I$41:$I$233),2,FALSE)="Undetermined",0,VLOOKUP($B8&E$5&"FAM",CHOOSE({1,2},TRIM('QS Raw Results'!$B$41:$B$233)&TRIM('QS Raw Results'!$G$41:$G$233),'QS Raw Results'!$I$41:$I$233),2,FALSE))} -> 26.256 | F8: {=IF(VLOOKUP($B8&F$5&"FAM",CHOOSE({1,2},TRIM('QS Raw Results'!$B$41:$B$233)&TRIM('QS Raw Results'!$G$41:$G$233),'QS Raw Results'!$I$41:$I$233),2,FALSE)="Undetermined",0,VLOOKUP($B8&F$5&"FAM",CHOOSE({1,2},TRIM('QS Raw Results'!$B$41:$B$233)&TRIM('QS Raw Results'!$G$41:$G$233),'QS Raw Results'!$I$41:$I$233),2,FALSE))} -> 29.847 | G8: {=IF(VLOOKUP($B8&G$5&"FAM",CHOOSE({1,2},TRIM('QS Raw Results'!$B$41:$B$233)&TRIM('QS Raw Results'!$G$41:$G$233),'QS Raw Results'!$I$41:$I$233),2,FALSE)="Undetermined",0,VLOOKUP($B8&G$5&"FAM",CHOOSE({1,2},TRIM('QS Raw Results'!$B$41:$B$233)&TRIM('QS Raw Results'!$G$41:$G$233),'QS Raw Results'!$I$41:$I$233),2,FALSE))} -> 30.192 | H8: {=IF(VLOOKUP($B8&H$5&"FAM",CHOOSE({1,2},TRIM('QS Raw Results'!$B$41:$B$233)&TRIM('QS Raw Results'!$G$41:$G$233),'QS Raw Results'!$I$41:$I$233),2,FALSE)="Undetermined",0,VLOOKUP($B8&H$5&"FAM",CHOOSE({1,2},TRIM('QS Raw Results'!$B$41:$B$233)&TRIM('QS Raw Results'!$G$41:$G$233),'QS Raw Results'!$I$41:$I$233),2,FALSE))} -> 30.453 | I8: {=IF(VLOOKUP($B8&I$5&"FAM",CHOOSE({1,2},TRIM('QS Raw Results'!$B$41:$B$233)&TRIM('QS Raw Results'!$G$41:$G$233),'QS Raw Results'!$I$41:$I$233),2,FALSE)="Undetermined",0,VLOOKUP($B8&I$5&"FAM",CHOOSE({1,2},TRIM('QS Raw Results'!$B$41:$B$233)&TRIM('QS Raw Results'!$G$41:$G$233),'QS Raw Results'!$I$41:$I$233),2,FALSE))} -> 29.728 | J8: {=IF(VLOOKUP($B8&J$5&"FAM",CHOOSE({1,2},TRIM('QS Raw Results'!$B$41:$B$233)&TRIM('QS Raw Results'!$G$41:$G$233),'QS Raw Results'!$I$41:$I$233),2,FALSE)="Undetermined",0,VLOOKUP($B8&J$5&"FAM",CHOOSE({1,2},TRIM('QS Raw Results'!$B$41:$B$233)&TRIM('QS Raw Results'!$G$41:$G$233),'QS Raw Results'!$I$41:$I$233),2,FALSE))} -> 29.636 | ... N8: {=IF(VLOOKUP($B8&N$5&"FAM",CHOOSE({1,2},TRIM('QS Raw Results'!$B$41:$B$233)&TRIM('QS Raw Results'!$G$41:$G$233),'QS Raw Results'!$I$41:$I$233),2,FALSE)="Undetermined",0,VLOOKUP($B8&N$5&"FAM",CHOOSE({1,2},TRIM('QS Raw Results'!$B$41:$B$233)&TRIM('QS Raw Results'!$G$41:$G$233),'QS Raw Results'!$I$41:$I$233),2,FALSE))} -> 29.688 | P8: Std. 3 | Q8: {=C8:E8} -> 26.28 | R8: 26.151 | S8: 26.256 | T8: =IFERROR(AVERAGEIF(_xlfn.ANCHORARRAY(Q8),"<>0"),0) -> 26.229 | U8: =IFERROR((_xlfn.STDEV.P(Q8:S8)/SQRT(3)),0) -> 0.032341923 | V8: =IF(T8=0,0,10^((T8-'QS RNase P Analysis'!$R$34)/'QS RNase P Analysis'!$R$35)) -> 8172.6093 | Z8: Std. 3 | AA8: {=C21:E21} -> 19.777 | AB8: 19.597 | AC8: 19.662 | AD8: =IFERROR(AVERAGEIF(_xlfn.ANCHORARRAY(AA8),"<>0"),0) -> 19.678667 | AE8: =IFERROR((_xlfn.STDEV.P(AA8:AC8)/SQRT(3)),0) -> 0.04296855 | AF8: =IF(AD8=0,0,10^((AD8-'QS 16S Analysis'!$R$34)/'QS 16S Analysis'!$R$35)) -> 297.96348
B9: D | C9: {=IF(VLOOKUP($B9&C$5&"FAM",CHOOSE({1,2},TRIM('QS Raw Results'!$B$41:$B$233)&TRIM('QS Raw Results'!$G$41:$G$233),'QS Raw Results'!$I$41:$I$233),2,FALSE)="Undetermined",0,VLOOKUP($B9&C$5&"FAM",CHOOSE({1,2},TRIM('QS Raw Results'!$B$41:$B$233)&TRIM('QS Raw Results'!$G$41:$G$233),'QS Raw Results'!$I$41:$I$233),2,FALSE))} -> 28.527 | D9: {=IF(VLOOKUP($B9&D$5&"FAM",CHOOSE({1,2},TRIM('QS Raw Results'!$B$41:$B$233)&TRIM('QS Raw Results'!$G$41:$G$233),'QS Raw Results'!$I$41:$I$233),2,FALSE)="Undetermined",0,VLOOKUP($B9&D$5&"FAM",CHOOSE({1,2},TRIM('QS Raw Results'!$B$41:$B$233)&TRIM('QS Raw Results'!$G$41:$G$233),'QS Raw Results'!$I$41:$I$233),2,FALSE))} -> 28.665 | E9: {=IF(VLOOKUP($B9&E$5&"FAM",CHOOSE({1,2},TRIM('QS Raw Results'!$B$41:$B$233)&TRIM('QS Raw Results'!$G$41:$G$233),'QS Raw Results'!$I$41:$I$233),2,FALSE)="Undetermined",0,VLOOKUP($B9&E$5&"FAM",CHOOSE({1,2},TRIM('QS Raw Results'!$B$41:$B$233)&TRIM('QS Raw Results'!$G$41:$G$233),'QS Raw Results'!$I$41:$I$233),2,FALSE))} -> 28.44 | F9: {=IF(VLOOKUP($B9&F$5&"FAM",CHOOSE({1,2},TRIM('QS Raw Results'!$B$41:$B$233)&TRIM('QS Raw Results'!$G$41:$G$233),'QS Raw Results'!$I$41:$I$233),2,FALSE)="Undetermined",0,VLOOKUP($B9&F$5&"FAM",CHOOSE({1,2},TRIM('QS Raw Results'!$B$41:$B$233)&TRIM('QS Raw Results'!$G$41:$G$233),'QS Raw Results'!$I$41:$I$233),2,FALSE))} -> 29.895 | G9: {=IF(VLOOKUP($B9&G$5&"FAM",CHOOSE({1,2},TRIM('QS Raw Results'!$B$41:$B$233)&TRIM('QS Raw Results'!$G$41:$G$233),'QS Raw Results'!$I$41:$I$233),2,FALSE)="Undetermined",0,VLOOKUP($B9&G$5&"FAM",CHOOSE({1,2},TRIM('QS Raw Results'!$B$41:$B$233)&TRIM('QS Raw Results'!$G$41:$G$233),'QS Raw Results'!$I$41:$I$233),2,FALSE))} -> 29.943 | H9: {=IF(VLOOKUP($B9&H$5&"FAM",CHOOSE({1,2},TRIM('QS Raw Results'!$B$41:$B$233)&TRIM('QS Raw Results'!$G$41:$G$233),'QS Raw Results'!$I$41:$I$233),2,FALSE)="Undetermined",0,VLOOKUP($B9&H$5&"FAM",CHOOSE({1,2},TRIM('QS Raw Results'!$B$41:$B$233)&TRIM('QS Raw Results'!$G$41:$G$233),'QS Raw Results'!$I$41:$I$233),2,FALSE))} -> 29.695 | I9: {=IF(VLOOKUP($B9&I$5&"FAM",CHOOSE({1,2},TRIM('QS Raw Results'!$B$41:$B$233)&TRIM('QS Raw Results'!$G$41:$G$233),'QS Raw Results'!$I$41:$I$233),2,FALSE)="Undetermined",0,VLOOKUP($B9&I$5&"FAM",CHOOSE({1,2},TRIM('QS Raw Results'!$B$41:$B$233)&TRIM('QS Raw Results'!$G$41:$G$233),'QS Raw Results'!$I$41:$I$233),2,FALSE))} -> 28.913 | J9: {=IF(VLOOKUP($B9&J$5&"FAM",CHOOSE({1,2},TRIM('QS Raw Results'!$B$41:$B$233)&TRIM('QS Raw Results'!$G$41:$G$233),'QS Raw Results'!$I$41:$I$233),2,FALSE)="Undetermined",0,VLOOKUP($B9&J$5&"FAM",CHOOSE({1,2},TRIM('QS Raw Results'!$B$41:$B$233)&TRIM('QS Raw Results'!$G$41:$G$233),'QS Raw Results'!$I$41:$I$233),2,FALSE))} -> 28.912 | ... N9: {=IF(VLOOKUP($B9&N$5&"FAM",CHOOSE({1,2},TRIM('QS Raw Results'!$B$41:$B$233)&TRIM('QS Raw Results'!$G$41:$G$233),'QS Raw Results'!$I$41:$I$233),2,FALSE)="Undetermined",0,VLOOKUP($B9&N$5&"FAM",CHOOSE({1,2},TRIM('QS Raw Results'!$B$41:$B$233)&TRIM('QS Raw Results'!$G$41:$G$233),'QS Raw Results'!$I$41:$I$233),2,FALSE))} -> 30.771 | P9: Std. 4 | Q9: {=C9:E9} -> 28.527 | R9: 28.665 | S9: 28.44 | T9: =IFERROR(AVERAGEIF(_xlfn.ANCHORARRAY(Q9),"<>0"),0) -> 28.544 | U9: =IFERROR((_xlfn.STDEV.P(Q9:S9)/SQRT(3)),0) -> 0.0534852 | V9: =IF(T9=0,0,10^((T9-'QS RNase P Analysis'!$R$34)/'QS RNase P Analysis'!$R$35)) -> 1784.2897 | Z9: Std. 4 | AA9: {=C22:E22} -> 22.983 | AB9: 22.979 | AC9: 22.843 | AD9: =IFERROR(AVERAGEIF(_xlfn.ANCHORARRAY(AA9),"<>0"),0) -> 22.935 | AE9: =IFERROR((_xlfn.STDEV.P(AA9:AC9)/SQRT(3)),0) -> 0.037570674 | AF9: =IF(AD9=0,0,10^((AD9-'QS 16S Analysis'!$R$34)/'QS 16S Analysis'!$R$35)) -> 37.37545
B10: E | C10: {=IF(VLOOKUP($B10&C$5&"FAM",CHOOSE({1,2},TRIM('QS Raw Results'!$B$41:$B$233)&TRIM('QS Raw Results'!$G$41:$G$233),'QS Raw Results'!$I$41:$I$233),2,FALSE)="Undetermined",0,VLOOKUP($B10&C$5&"FAM",CHOOSE({1,2},TRIM('QS Raw Results'!$B$41:$B$233)&TRIM('QS Raw Results'!$G$41:$G$233),'QS Raw Results'!$I$41:$I$233),2,FALSE))} -> 30.902 | D10: {=IF(VLOOKUP($B10&D$5&"FAM",CHOOSE({1,2},TRIM('QS Raw Results'!$B$41:$B$233)&TRIM('QS Raw Results'!$G$41:$G$233),'QS Raw Results'!$I$41:$I$233),2,FALSE)="Undetermined",0,VLOOKUP($B10&D$5&"FAM",CHOOSE({1,2},TRIM('QS Raw Results'!$B$41:$B$233)&TRIM('QS Raw Results'!$G$41:$G$233),'QS Raw Results'!$I$41:$I$233),2,FALSE))} -> 30.93 | E10: {=IF(VLOOKUP($B10&E$5&"FAM",CHOOSE({1,2},TRIM('QS Raw Results'!$B$41:$B$233)&TRIM('QS Raw Results'!$G$41:$G$233),'QS Raw Results'!$I$41:$I$233),2,FALSE)="Undetermined",0,VLOOKUP($B10&E$5&"FAM",CHOOSE({1,2},TRIM('QS Raw Results'!$B$41:$B$233)&TRIM('QS Raw Results'!$G$41:$G$233),'QS Raw Results'!$I$41:$I$233),2,FALSE))} -> 30.954 | F10: {=IF(VLOOKUP($B10&F$5&"FAM",CHOOSE({1,2},TRIM('QS Raw Results'!$B$41:$B$233)&TRIM('QS Raw Results'!$G$41:$G$233),'QS Raw Results'!$I$41:$I$233),2,FALSE)="Undetermined",0,VLOOKUP($B10&F$5&"FAM",CHOOSE({1,2},TRIM('QS Raw Results'!$B$41:$B$233)&TRIM('QS Raw Results'!$G$41:$G$233),'QS Raw Results'!$I$41:$I$233),2,FALSE))} -> 28.807 | G10: {=IF(VLOOKUP($B10&G$5&"FAM",CHOOSE({1,2},TRIM('QS Raw Results'!$B$41:$B$233)&TRIM('QS Raw Results'!$G$41:$G$233),'QS Raw Results'!$I$41:$I$233),2,FALSE)="Undetermined",0,VLOOKUP($B10&G$5&"FAM",CHOOSE({1,2},TRIM('QS Raw Results'!$B$41:$B$233)&TRIM('QS Raw Results'!$G$41:$G$233),'QS Raw Results'!$I$41:$I$233),2,FALSE))} -> 28.35 | H10: {=IF(VLOOKUP($B10&H$5&"FAM",CHOOSE({1,2},TRIM('QS Raw Results'!$B$41:$B$233)&TRIM('QS Raw Results'!$G$41:$G$233),'QS Raw Results'!$I$41:$I$233),2,FALSE)="Undetermined",0,VLOOKUP($B10&H$5&"FAM",CHOOSE({1,2},TRIM('QS Raw Results'!$B$41:$B$233)&TRIM('QS Raw Results'!$G$41:$G$233),'QS Raw Results'!$I$41:$I$233),2,FALSE))} -> 28.268 | I10: {=IF(VLOOKUP($B10&I$5&"FAM",CHOOSE({1,2},TRIM('QS Raw Results'!$B$41:$B$233)&TRIM('QS Raw Results'!$G$41:$G$233),'QS Raw Results'!$I$41:$I$233),2,FALSE)="Undetermined",0,VLOOKUP($B10&I$5&"FAM",CHOOSE({1,2},TRIM('QS Raw Results'!$B$41:$B$233)&TRIM('QS Raw Results'!$G$41:$G$233),'QS Raw Results'!$I$41:$I$233),2,FALSE))} -> 31.739 | J10: {=IF(VLOOKUP($B10&J$5&"FAM",CHOOSE({1,2},TRIM('QS Raw Results'!$B$41:$B$233)&TRIM('QS Raw Results'!$G$41:$G$233),'QS Raw Results'!$I$41:$I$233),2,FALSE)="Undetermined",0,VLOOKUP($B10&J$5&"FAM",CHOOSE({1,2},TRIM('QS Raw Results'!$B$41:$B$233)&TRIM('QS Raw Results'!$G$41:$G$233),'QS Raw Results'!$I$41:$I$233),2,FALSE))} -> 31.712 | ... N10: {=IF(VLOOKUP($B10&N$5&"FAM",CHOOSE({1,2},TRIM('QS Raw Results'!$B$41:$B$233)&TRIM('QS Raw Results'!$G$41:$G$233),'QS Raw Results'!$I$41:$I$233),2,FALSE)="Undetermined",0,VLOOKUP($B10&N$5&"FAM",CHOOSE({1,2},TRIM('QS Raw Results'!$B$41:$B$233)&TRIM('QS Raw Results'!$G$41:$G$233),'QS Raw Results'!$I$41:$I$233),2,FALSE))} -> 30.956 | P10: Std. 5 | Q10: {=C10:E10} -> 30.902 | R10: 30.93 | S10: 30.954 | T10: =IFERROR(AVERAGEIF(_xlfn.ANCHORARRAY(Q10),"<>0"),0) -> 30.928667 | U10: =IFERROR((_xlfn.STDEV.P(Q10:S10)/SQRT(3)),0) -> 0.012268599 | V10: =IF(T10=0,0,10^((T10-'QS RNase P Analysis'!$R$34)/'QS RNase P Analysis'!$R$35)) -> 372.11852 | Z10: Std. 5 | AA10: {=C23:E23} -> 26.128 | AB10: 26.134 | AC10: 25.998 | AD10: =IFERROR(AVERAGEIF(_xlfn.ANCHORARRAY(AA10),"<>0"),0) -> 26.086667 | AE10: =IFERROR((_xlfn.STDEV.P(AA10:AC10)/SQRT(3)),0) -> 0.03622563 | AF10: =IF(AD10=0,0,10^((AD10-'QS 16S Analysis'!$R$34)/'QS 16S Analysis'!$R$35)) -> 5.0117424
B11: F | C11: {=IF(VLOOKUP($B11&C$5&"FAM",CHOOSE({1,2},TRIM('QS Raw Results'!$B$41:$B$233)&TRIM('QS Raw Results'!$G$41:$G$233),'QS Raw Results'!$I$41:$I$233),2,FALSE)="Undetermined",0,VLOOKUP($B11&C$5&"FAM",CHOOSE({1,2},TRIM('QS Raw Results'!$B$41:$B$233)&TRIM('QS Raw Results'!$G$41:$G$233),'QS Raw Results'!$I$41:$I$233),2,FALSE))} -> 33.328 | D11: {=IF(VLOOKUP($B11&D$5&"FAM",CHOOSE({1,2},TRIM('QS Raw Results'!$B$41:$B$233)&TRIM('QS Raw Results'!$G$41:$G$233),'QS Raw Results'!$I$41:$I$233),2,FALSE)="Undetermined",0,VLOOKUP($B11&D$5&"FAM",CHOOSE({1,2},TRIM('QS Raw Results'!$B$41:$B$233)&TRIM('QS Raw Results'!$G$41:$G$233),'QS Raw Results'!$I$41:$I$233),2,FALSE))} -> 33.005 | E11: {=IF(VLOOKUP($B11&E$5&"FAM",CHOOSE({1,2},TRIM('QS Raw Results'!$B$41:$B$233)&TRIM('QS Raw Results'!$G$41:$G$233),'QS Raw Results'!$I$41:$I$233),2,FALSE)="Undetermined",0,VLOOKUP($B11&E$5&"FAM",CHOOSE({1,2},TRIM('QS Raw Results'!$B$41:$B$233)&TRIM('QS Raw Results'!$G$41:$G$233),'QS Raw Results'!$I$41:$I$233),2,FALSE))} -> 33.279 | F11: {=IF(VLOOKUP($B11&F$5&"FAM",CHOOSE({1,2},TRIM('QS Raw Results'!$B$41:$B$233)&TRIM('QS Raw Results'!$G$41:$G$233),'QS Raw Results'!$I$41:$I$233),2,FALSE)="Undetermined",0,VLOOKUP($B11&F$5&"FAM",CHOOSE({1,2},TRIM('QS Raw Results'!$B$41:$B$233)&TRIM('QS Raw Results'!$G$41:$G$233),'QS Raw Results'!$I$41:$I$233),2,FALSE))} -> 30.825 | G11: {=IF(VLOOKUP($B11&G$5&"FAM",CHOOSE({1,2},TRIM('QS Raw Results'!$B$41:$B$233)&TRIM('QS Raw Results'!$G$41:$G$233),'QS Raw Results'!$I$41:$I$233),2,FALSE)="Undetermined",0,VLOOKUP($B11&G$5&"FAM",CHOOSE({1,2},TRIM('QS Raw Results'!$B$41:$B$233)&TRIM('QS Raw Results'!$G$41:$G$233),'QS Raw Results'!$I$41:$I$233),2,FALSE))} -> 30.595 | H11: {=IF(VLOOKUP($B11&H$5&"FAM",CHOOSE({1,2},TRIM('QS Raw Results'!$B$41:$B$233)&TRIM('QS Raw Results'!$G$41:$G$233),'QS Raw Results'!$I$41:$I$233),2,FALSE)="Undetermined",0,VLOOKUP($B11&H$5&"FAM",CHOOSE({1,2},TRIM('QS Raw Results'!$B$41:$B$233)&TRIM('QS Raw Results'!$G$41:$G$233),'QS Raw Results'!$I$41:$I$233),2,FALSE))} -> 30.649 | I11: {=IF(VLOOKUP($B11&I$5&"FAM",CHOOSE({1,2},TRIM('QS Raw Results'!$B$41:$B$233)&TRIM('QS Raw Results'!$G$41:$G$233),'QS Raw Results'!$I$41:$I$233),2,FALSE)="Undetermined",0,VLOOKUP($B11&I$5&"FAM",CHOOSE({1,2},TRIM('QS Raw Results'!$B$41:$B$233)&TRIM('QS Raw Results'!$G$41:$G$233),'QS Raw Results'!$I$41:$I$233),2,FALSE))} -> 33.041 | J11: {=IF(VLOOKUP($B11&J$5&"FAM",CHOOSE({1,2},TRIM('QS Raw Results'!$B$41:$B$233)&TRIM('QS Raw Results'!$G$41:$G$233),'QS Raw Results'!$I$41:$I$233),2,FALSE)="Undetermined",0,VLOOKUP($B11&J$5&"FAM",CHOOSE({1,2},TRIM('QS Raw Results'!$B$41:$B$233)&TRIM('QS Raw Results'!$G$41:$G$233),'QS Raw Results'!$I$41:$I$233),2,FALSE))} -> 33.619 | ... N11: {=IF(VLOOKUP($B11&N$5&"FAM",CHOOSE({1,2},TRIM('QS Raw Results'!$B$41:$B$233)&TRIM('QS Raw Results'!$G$41:$G$233),'QS Raw Results'!$I$41:$I$233),2,FALSE)="Undetermined",0,VLOOKUP($B11&N$5&"FAM",CHOOSE({1,2},TRIM('QS Raw Results'!$B$41:$B$233)&TRIM('QS Raw Results'!$G$41:$G$233),'QS Raw Results'!$I$41:$I$233),2,FALSE))} -> 32.262 | P11: Std. 6 | Q11: {=C11:E11} -> 33.328 | R11: 33.005 | S11: 33.279 | T11: =IFERROR(AVERAGEIF(_xlfn.ANCHORARRAY(Q11),"<>0"),0) -> 33.204 | U11: =IFERROR((_xlfn.STDEV.P(Q11:S11)/SQRT(3)),0) -> 0.082058245 | V11: =IF(T11=0,0,10^((T11-'QS RNase P Analysis'!$R$34)/'QS RNase P Analysis'!$R$35)) -> 83.38926 | Z11: Std. 6 | AA11: {=C24:E24} -> 29.436 | AB11: 29.219 | AC11: 29.486 | AD11: =IFERROR(AVERAGEIF(_xlfn.ANCHORARRAY(AA11),"<>0"),0) -> 29.380333 | AE11: =IFERROR((_xlfn.STDEV.P(AA11:AC11)/SQRT(3)),0) -> 0.066910111 | AF11: =IF(AD11=0,0,10^((AD11-'QS 16S Analysis'!$R$34)/'QS 16S Analysis'!$R$35)) -> 0.613869
B12: G | C12: {=IF(VLOOKUP($B12&C$5&"FAM",CHOOSE({1,2},TRIM('QS Raw Results'!$B$41:$B$233)&TRIM('QS Raw Results'!$G$41:$G$233),'QS Raw Results'!$I$41:$I$233),2,FALSE)="Undetermined",0,VLOOKUP($B12&C$5&"FAM",CHOOSE({1,2},TRIM('QS Raw Results'!$B$41:$B$233)&TRIM('QS Raw Results'!$G$41:$G$233),'QS Raw Results'!$I$41:$I$233),2,FALSE))} -> 26.927 | D12: {=IF(VLOOKUP($B12&D$5&"FAM",CHOOSE({1,2},TRIM('QS Raw Results'!$B$41:$B$233)&TRIM('QS Raw Results'!$G$41:$G$233),'QS Raw Results'!$I$41:$I$233),2,FALSE)="Undetermined",0,VLOOKUP($B12&D$5&"FAM",CHOOSE({1,2},TRIM('QS Raw Results'!$B$41:$B$233)&TRIM('QS Raw Results'!$G$41:$G$233),'QS Raw Results'!$I$41:$I$233),2,FALSE))} -> 26.705 | E12: {=IF(VLOOKUP($B12&E$5&"FAM",CHOOSE({1,2},TRIM('QS Raw Results'!$B$41:$B$233)&TRIM('QS Raw Results'!$G$41:$G$233),'QS Raw Results'!$I$41:$I$233),2,FALSE)="Undetermined",0,VLOOKUP($B12&E$5&"FAM",CHOOSE({1,2},TRIM('QS Raw Results'!$B$41:$B$233)&TRIM('QS Raw Results'!$G$41:$G$233),'QS Raw Results'!$I$41:$I$233),2,FALSE))} -> 0 | F12: {=IF(VLOOKUP($B12&F$5&"FAM",CHOOSE({1,2},TRIM('QS Raw Results'!$B$41:$B$233)&TRIM('QS Raw Results'!$G$41:$G$233),'QS Raw Results'!$I$41:$I$233),2,FALSE)="Undetermined",0,VLOOKUP($B12&F$5&"FAM",CHOOSE({1,2},TRIM('QS Raw Results'!$B$41:$B$233)&TRIM('QS Raw Results'!$G$41:$G$233),'QS Raw Results'!$I$41:$I$233),2,FALSE))} -> 34.516 | G12: {=IF(VLOOKUP($B12&G$5&"FAM",CHOOSE({1,2},TRIM('QS Raw Results'!$B$41:$B$233)&TRIM('QS Raw Results'!$G$41:$G$233),'QS Raw Results'!$I$41:$I$233),2,FALSE)="Undetermined",0,VLOOKUP($B12&G$5&"FAM",CHOOSE({1,2},TRIM('QS Raw Results'!$B$41:$B$233)&TRIM('QS Raw Results'!$G$41:$G$233),'QS Raw Results'!$I$41:$I$233),2,FALSE))} -> 32.584 | H12: {=IF(VLOOKUP($B12&H$5&"FAM",CHOOSE({1,2},TRIM('QS Raw Results'!$B$41:$B$233)&TRIM('QS Raw Results'!$G$41:$G$233),'QS Raw Results'!$I$41:$I$233),2,FALSE)="Undetermined",0,VLOOKUP($B12&H$5&"FAM",CHOOSE({1,2},TRIM('QS Raw Results'!$B$41:$B$233)&TRIM('QS Raw Results'!$G$41:$G$233),'QS Raw Results'!$I$41:$I$233),2,FALSE))} -> 32.28 | I12: {=IF(VLOOKUP($B12&I$5&"FAM",CHOOSE({1,2},TRIM('QS Raw Results'!$B$41:$B$233)&TRIM('QS Raw Results'!$G$41:$G$233),'QS Raw Results'!$I$41:$I$233),2,FALSE)="Undetermined",0,VLOOKUP($B12&I$5&"FAM",CHOOSE({1,2},TRIM('QS Raw Results'!$B$41:$B$233)&TRIM('QS Raw Results'!$G$41:$G$233),'QS Raw Results'!$I$41:$I$233),2,FALSE))} -> 34.283 | J12: {=IF(VLOOKUP($B12&J$5&"FAM",CHOOSE({1,2},TRIM('QS Raw Results'!$B$41:$B$233)&TRIM('QS Raw Results'!$G$41:$G$233),'QS Raw Results'!$I$41:$I$233),2,FALSE)="Undetermined",0,VLOOKUP($B12&J$5&"FAM",CHOOSE({1,2},TRIM('QS Raw Results'!$B$41:$B$233)&TRIM('QS Raw Results'!$G$41:$G$233),'QS Raw Results'!$I$41:$I$233),2,FALSE))} -> 34.423 | ... N12: {=IF(VLOOKUP($B12&N$5&"FAM",CHOOSE({1,2},TRIM('QS Raw Results'!$B$41:$B$233)&TRIM('QS Raw Results'!$G$41:$G$233),'QS Raw Results'!$I$41:$I$233),2,FALSE)="Undetermined",0,VLOOKUP($B12&N$5&"FAM",CHOOSE({1,2},TRIM('QS Raw Results'!$B$41:$B$233)&TRIM('QS Raw Results'!$G$41:$G$233),'QS Raw Results'!$I$41:$I$233),2,FALSE))} -> 0 | P12: HuMale | Q12: {=C12:E12} -> 26.927 | R12: 26.705 | S12: 0 | T12: =IFERROR(AVERAGEIF(_xlfn.ANCHORARRAY(Q12),"<>0"),0) -> 26.816 | U12: =IFERROR((_xlfn.STDEV.P(Q12:S12)/SQRT(3)),0) -> 7.2985783 | V12: =IF(T12=0,0,10^((T12-'QS RNase P Analysis'!$R$34)/'QS RNase P Analysis'!$R$35)) -> 5556.2484 | Z12: N/A | AA12: {=C25:E25} -> #N/A | AB12: #N/A | AC12: #N/A | AD12: =IFERROR(AVERAGEIF(_xlfn.ANCHORARRAY(AA12),"<>0"),0) -> 0 | AE12: =IFERROR((_xlfn.STDEV.P(AA12:AC12)/SQRT(3)),0) -> 0 | AF12: =IF(AD12=0,0,10^((AD12-'QS 16S Analysis'!$R$34)/'QS 16S Analysis'!$R$35)) -> 0
B13: H | C13: {=IF(VLOOKUP($B13&C$5&"FAM",CHOOSE({1,2},TRIM('QS Raw Results'!$B$41:$B$233)&TRIM('QS Raw Results'!$G$41:$G$233),'QS Raw Results'!$I$41:$I$233),2,FALSE)="Undetermined",0,VLOOKUP($B13&C$5&"FAM",CHOOSE({1,2},TRIM('QS Raw Results'!$B$41:$B$233)&TRIM('QS Raw Results'!$G$41:$G$233),'QS Raw Results'!$I$41:$I$233),2,FALSE))} -> 0 | D13: {=IF(VLOOKUP($B13&D$5&"FAM",CHOOSE({1,2},TRIM('QS Raw Results'!$B$41:$B$233)&TRIM('QS Raw Results'!$G$41:$G$233),'QS Raw Results'!$I$41:$I$233),2,FALSE)="Undetermined",0,VLOOKUP($B13&D$5&"FAM",CHOOSE({1,2},TRIM('QS Raw Results'!$B$41:$B$233)&TRIM('QS Raw Results'!$G$41:$G$233),'QS Raw Results'!$I$41:$I$233),2,FALSE))} -> 0 | E13: {=IF(VLOOKUP($B13&E$5&"FAM",CHOOSE({1,2},TRIM('QS Raw Results'!$B$41:$B$233)&TRIM('QS Raw Results'!$G$41:$G$233),'QS Raw Results'!$I$41:$I$233),2,FALSE)="Undetermined",0,VLOOKUP($B13&E$5&"FAM",CHOOSE({1,2},TRIM('QS Raw Results'!$B$41:$B$233)&TRIM('QS Raw Results'!$G$41:$G$233),'QS Raw Results'!$I$41:$I$233),2,FALSE))} -> 0 | F13: {=IF(VLOOKUP($B13&F$5&"FAM",CHOOSE({1,2},TRIM('QS Raw Results'!$B$41:$B$233)&TRIM('QS Raw Results'!$G$41:$G$233),'QS Raw Results'!$I$41:$I$233),2,FALSE)="Undetermined",0,VLOOKUP($B13&F$5&"FAM",CHOOSE({1,2},TRIM('QS Raw Results'!$B$41:$B$233)&TRIM('QS Raw Results'!$G$41:$G$233),'QS Raw Results'!$I$41:$I$233),2,FALSE))} -> 30.172 | G13: {=IF(VLOOKUP($B13&G$5&"FAM",CHOOSE({1,2},TRIM('QS Raw Results'!$B$41:$B$233)&TRIM('QS Raw Results'!$G$41:$G$233),'QS Raw Results'!$I$41:$I$233),2,FALSE)="Undetermined",0,VLOOKUP($B13&G$5&"FAM",CHOOSE({1,2},TRIM('QS Raw Results'!$B$41:$B$233)&TRIM('QS Raw Results'!$G$41:$G$233),'QS Raw Results'!$I$41:$I$233),2,FALSE))} -> 30.23 | H13: {=IF(VLOOKUP($B13&H$5&"FAM",CHOOSE({1,2},TRIM('QS Raw Results'!$B$41:$B$233)&TRIM('QS Raw Results'!$G$41:$G$233),'QS Raw Results'!$I$41:$I$233),2,FALSE)="Undetermined",0,VLOOKUP($B13&H$5&"FAM",CHOOSE({1,2},TRIM('QS Raw Results'!$B$41:$B$233)&TRIM('QS Raw Results'!$G$41:$G$233),'QS Raw Results'!$I$41:$I$233),2,FALSE))} -> 30.062 | I13: {=IF(VLOOKUP($B13&I$5&"FAM",CHOOSE({1,2},TRIM('QS Raw Results'!$B$41:$B$233)&TRIM('QS Raw Results'!$G$41:$G$233),'QS Raw Results'!$I$41:$I$233),2,FALSE)="Undetermined",0,VLOOKUP($B13&I$5&"FAM",CHOOSE({1,2},TRIM('QS Raw Results'!$B$41:$B$233)&TRIM('QS Raw Results'!$G$41:$G$233),'QS Raw Results'!$I$41:$I$233),2,FALSE))} -> 31.149 | J13: {=IF(VLOOKUP($B13&J$5&"FAM",CHOOSE({1,2},TRIM('QS Raw Results'!$B$41:$B$233)&TRIM('QS Raw Results'!$G$41:$G$233),'QS Raw Results'!$I$41:$I$233),2,FALSE)="Undetermined",0,VLOOKUP($B13&J$5&"FAM",CHOOSE({1,2},TRIM('QS Raw Results'!$B$41:$B$233)&TRIM('QS Raw Results'!$G$41:$G$233),'QS Raw Results'!$I$41:$I$233),2,FALSE))} -> 31.308 | ... N13: {=IF(VLOOKUP($B13&N$5&"FAM",CHOOSE({1,2},TRIM('QS Raw Results'!$B$41:$B$233)&TRIM('QS Raw Results'!$G$41:$G$233),'QS Raw Results'!$I$41:$I$233),2,FALSE)="Undetermined",0,VLOOKUP($B13&N$5&"FAM",CHOOSE({1,2},TRIM('QS Raw Results'!$B$41:$B$233)&TRIM('QS Raw Results'!$G$41:$G$233),'QS Raw Results'!$I$41:$I$233),2,FALSE))} -> 0 | P13: NTC | Q13: {=C13:E13} -> 0 | R13: 0 | S13: 0 | T13: =IFERROR(AVERAGEIF(_xlfn.ANCHORARRAY(Q13),"<>0"),0) -> 0 | U13: =IFERROR((_xlfn.STDEV.P(Q13:S13)/SQRT(3)),0) -> 0 | V13: =IF(T13=0,0,10^((T13-'QS RNase P Analysis'!$R$34)/'QS RNase P Analysis'!$R$35)) -> 0 | Z13: NTC | AA13: {=C26:E26} -> 35.605 | AB13: 35.014 | AC13: 35.254 | AD13: =IFERROR(AVERAGEIF(_xlfn.ANCHORARRAY(AA13),"<>0"),0) -> 35.291 | AE13: =IFERROR((_xlfn.STDEV.P(AA13:AC13)/SQRT(3)),0) -> 0.14011662 | AF13: =IF(AD13=0,0,10^((AD13-'QS 16S Analysis'!$R$34)/'QS 16S Analysis'!$R$35)) -> 0.014177427
P15: Samples FAM | Z15: Samples VIC
B16: Cps VIC
P17: Sample | Q17: Cp1 | R17: Cp2 | S17: Cp3 | T17: Mean Cp | U17: SEM | V17: Calculated Mean Conc. (ng/mL) | Z17: Sample | AA17: Cp1 | AB17: Cp2 | AC17: Cp3 | AD17: Mean Cp | AE17: SEM | AF17: Calculated Mean Conc. (ng/mL)
C18: 1 | D18: 2 | E18: 3 | F18: 4 | G18: 5 | H18: 6 | I18: 7 | J18: 8 | K18: 9 | L18: 10 | M18: 11 | N18: 12 | P18: 1 | Q18: {=F6:H6} -> 32.4 | R18: 32.847 | S18: 32.975 | T18: =IFERROR(AVERAGEIF(_xlfn.ANCHORARRAY(Q18),"<>0"),0) -> 32.740667 | U18: =IFERROR((_xlfn.STDEV.P(Q18:S18)/SQRT(3)),0) -> 0.14231134 | V18: =IF(T18=0,0,10^((T18-'QS RNase P Analysis'!$R$34)/'QS RNase P Analysis'!$R$35)) -> 113.07962 | Z18: 1 | AA18: {=F19:H19} -> 20.882 | AB18: 21.008 | AC18: 20.864 | AD18: =IFERROR(AVERAGEIF(_xlfn.ANCHORARRAY(AA18),"<>0"),0) -> 20.918 | AE18: =IFERROR((_xlfn.STDEV.P(AA18:AC18)/SQRT(3)),0) -> 0.036986484 | AF18: =IF(AD18=0,0,10^((AD18-'QS 16S Analysis'!$R$34)/'QS 16S Analysis'!$R$35)) -> 135.21675
B19: A | C19: {=IF(VLOOKUP($B6&C$5&"VIC",CHOOSE({1,2},TRIM('QS Raw Results'!$B$41:$B$233)&TRIM('QS Raw Results'!$G$41:$G$233),'QS Raw Results'!$I$41:$I$233),2,FALSE)="Undetermined",0,VLOOKUP($B6&C$5&"VIC",CHOOSE({1,2},TRIM('QS Raw Results'!$B$41:$B$233)&TRIM('QS Raw Results'!$G$41:$G$233),'QS Raw Results'!$I$41:$I$233),2,FALSE))} -> 13.061 | D19: {=IF(VLOOKUP($B6&D$5&"VIC",CHOOSE({1,2},TRIM('QS Raw Results'!$B$41:$B$233)&TRIM('QS Raw Results'!$G$41:$G$233),'QS Raw Results'!$I$41:$I$233),2,FALSE)="Undetermined",0,VLOOKUP($B6&D$5&"VIC",CHOOSE({1,2},TRIM('QS Raw Results'!$B$41:$B$233)&TRIM('QS Raw Results'!$G$41:$G$233),'QS Raw Results'!$I$41:$I$233),2,FALSE))} -> 13.081 | E19: {=IF(VLOOKUP($B6&E$5&"VIC",CHOOSE({1,2},TRIM('QS Raw Results'!$B$41:$B$233)&TRIM('QS Raw Results'!$G$41:$G$233),'QS Raw Results'!$I$41:$I$233),2,FALSE)="Undetermined",0,VLOOKUP($B6&E$5&"VIC",CHOOSE({1,2},TRIM('QS Raw Results'!$B$41:$B$233)&TRIM('QS Raw Results'!$G$41:$G$233),'QS Raw Results'!$I$41:$I$233),2,FALSE))} -> 13.243 | F19: {=IF(VLOOKUP($B6&F$5&"VIC",CHOOSE({1,2},TRIM('QS Raw Results'!$B$41:$B$233)&TRIM('QS Raw Results'!$G$41:$G$233),'QS Raw Results'!$I$41:$I$233),2,FALSE)="Undetermined",0,VLOOKUP($B6&F$5&"VIC",CHOOSE({1,2},TRIM('QS Raw Results'!$B$41:$B$233)&TRIM('QS Raw Results'!$G$41:$G$233),'QS Raw Results'!$I$41:$I$233),2,FALSE))} -> 20.882 | G19: {=IF(VLOOKUP($B6&G$5&"VIC",CHOOSE({1,2},TRIM('QS Raw Results'!$B$41:$B$233)&TRIM('QS Raw Results'!$G$41:$G$233),'QS Raw Results'!$I$41:$I$233),2,FALSE)="Undetermined",0,VLOOKUP($B6&G$5&"VIC",CHOOSE({1,2},TRIM('QS Raw Results'!$B$41:$B$233)&TRIM('QS Raw Results'!$G$41:$G$233),'QS Raw Results'!$I$41:$I$233),2,FALSE))} -> 21.008 | H19: {=IF(VLOOKUP($B6&H$5&"VIC",CHOOSE({1,2},TRIM('QS Raw Results'!$B$41:$B$233)&TRIM('QS Raw Results'!$G$41:$G$233),'QS Raw Results'!$I$41:$I$233),2,FALSE)="Undetermined",0,VLOOKUP($B6&H$5&"VIC",CHOOSE({1,2},TRIM('QS Raw Results'!$B$41:$B$233)&TRIM('QS Raw Results'!$G$41:$G$233),'QS Raw Results'!$I$41:$I$233),2,FALSE))} -> 20.864 | I19: {=IF(VLOOKUP($B6&I$5&"VIC",CHOOSE({1,2},TRIM('QS Raw Results'!$B$41:$B$233)&TRIM('QS Raw Results'!$G$41:$G$233),'QS Raw Results'!$I$41:$I$233),2,FALSE)="Undetermined",0,VLOOKUP($B6&I$5&"VIC",CHOOSE({1,2},TRIM('QS Raw Results'!$B$41:$B$233)&TRIM('QS Raw Results'!$G$41:$G$233),'QS Raw Results'!$I$41:$I$233),2,FALSE))} -> 26.019 | J19: {=IF(VLOOKUP($B6&J$5&"VIC",CHOOSE({1,2},TRIM('QS Raw Results'!$B$41:$B$233)&TRIM('QS Raw Results'!$G$41:$G$233),'QS Raw Results'!$I$41:$I$233),2,FALSE)="Undetermined",0,VLOOKUP($B6&J$5&"VIC",CHOOSE({1,2},TRIM('QS Raw Results'!$B$41:$B$233)&TRIM('QS Raw Results'!$G$41:$G$233),'QS Raw Results'!$I$41:$I$233),2,FALSE))} -> 26.074 | ... N19: {=IF(VLOOKUP($B6&N$5&"VIC",CHOOSE({1,2},TRIM('QS Raw Results'!$B$41:$B$233)&TRIM('QS Raw Results'!$G$41:$G$233),'QS Raw Results'!$I$41:$I$233),2,FALSE)="Undetermined",0,VLOOKUP($B6&N$5&"VIC",CHOOSE({1,2},TRIM('QS Raw Results'!$B$41:$B$233)&TRIM('QS Raw Results'!$G$41:$G$233),'QS Raw Results'!$I$41:$I$233),2,FALSE))} -> 20.673 | P19: 2 | Q19: {=F7:H7} -> 31.687 | R19: 31.851 | S19: 31.903 | T19: =IFERROR(AVERAGEIF(_xlfn.ANCHORARRAY(Q19),"<>0"),0) -> 31.813667 | U19: =IFERROR((_xlfn.STDEV.P(Q19:S19)/SQRT(3)),0) -> 0.053144109 | V19: =IF(T19=0,0,10^((T19-'QS RNase P Analysis'!$R$34)/'QS RNase P Analysis'!$R$35)) -> 207.98307 | Z19: 2 | AA19: {=F20:H20} -> 18.857 | AB19: 19.118 | AC19: 18.87 | AD19: =IFERROR(AVERAGEIF(_xlfn.ANCHORARRAY(AA19),"<>0"),0) -> 18.948333 | AE19: =IFERROR((_xlfn.STDEV.P(AA19:AC19)/SQRT(3)),0) -> 0.069333868 | AF19: =IF(AD19=0,0,10^((AD19-'QS 16S Analysis'!$R$34)/'QS 16S Analysis'!$R$35)) -> 474.64558
B20: B | C20: {=IF(VLOOKUP($B7&C$5&"VIC",CHOOSE({1,2},TRIM('QS Raw Results'!$B$41:$B$233)&TRIM('QS Raw Results'!$G$41:$G$233),'QS Raw Results'!$I$41:$I$233),2,FALSE)="Undetermined",0,VLOOKUP($B7&C$5&"VIC",CHOOSE({1,2},TRIM('QS Raw Results'!$B$41:$B$233)&TRIM('QS Raw Results'!$G$41:$G$233),'QS Raw Results'!$I$41:$I$233),2,FALSE))} -> 16.265 | D20: {=IF(VLOOKUP($B7&D$5&"VIC",CHOOSE({1,2},TRIM('QS Raw Results'!$B$41:$B$233)&TRIM('QS Raw Results'!$G$41:$G$233),'QS Raw Results'!$I$41:$I$233),2,FALSE)="Undetermined",0,VLOOKUP($B7&D$5&"VIC",CHOOSE({1,2},TRIM('QS Raw Results'!$B$41:$B$233)&TRIM('QS Raw Results'!$G$41:$G$233),'QS Raw Results'!$I$41:$I$233),2,FALSE))} -> 16.202 | E20: {=IF(VLOOKUP($B7&E$5&"VIC",CHOOSE({1,2},TRIM('QS Raw Results'!$B$41:$B$233)&TRIM('QS Raw Results'!$G$41:$G$233),'QS Raw Results'!$I$41:$I$233),2,FALSE)="Undetermined",0,VLOOKUP($B7&E$5&"VIC",CHOOSE({1,2},TRIM('QS Raw Results'!$B$41:$B$233)&TRIM('QS Raw Results'!$G$41:$G$233),'QS Raw Results'!$I$41:$I$233),2,FALSE))} -> 16.139 | F20: {=IF(VLOOKUP($B7&F$5&"VIC",CHOOSE({1,2},TRIM('QS Raw Results'!$B$41:$B$233)&TRIM('QS Raw Results'!$G$41:$G$233),'QS Raw Results'!$I$41:$I$233),2,FALSE)="Undetermined",0,VLOOKUP($B7&F$5&"VIC",CHOOSE({1,2},TRIM('QS Raw Results'!$B$41:$B$233)&TRIM('QS Raw Results'!$G$41:$G$233),'QS Raw Results'!$I$41:$I$233),2,FALSE))} -> 18.857 | G20: {=IF(VLOOKUP($B7&G$5&"VIC",CHOOSE({1,2},TRIM('QS Raw Results'!$B$41:$B$233)&TRIM('QS Raw Results'!$G$41:$G$233),'QS Raw Results'!$I$41:$I$233),2,FALSE)="Undetermined",0,VLOOKUP($B7&G$5&"VIC",CHOOSE({1,2},TRIM('QS Raw Results'!$B$41:$B$233)&TRIM('QS Raw Results'!$G$41:$G$233),'QS Raw Results'!$I$41:$I$233),2,FALSE))} -> 19.118 | H20: {=IF(VLOOKUP($B7&H$5&"VIC",CHOOSE({1,2},TRIM('QS Raw Results'!$B$41:$B$233)&TRIM('QS Raw Results'!$G$41:$G$233),'QS Raw Results'!$I$41:$I$233),2,FALSE)="Undetermined",0,VLOOKUP($B7&H$5&"VIC",CHOOSE({1,2},TRIM('QS Raw Results'!$B$41:$B$233)&TRIM('QS Raw Results'!$G$41:$G$233),'QS Raw Results'!$I$41:$I$233),2,FALSE))} -> 18.87 | I20: {=IF(VLOOKUP($B7&I$5&"VIC",CHOOSE({1,2},TRIM('QS Raw Results'!$B$41:$B$233)&TRIM('QS Raw Results'!$G$41:$G$233),'QS Raw Results'!$I$41:$I$233),2,FALSE)="Undetermined",0,VLOOKUP($B7&I$5&"VIC",CHOOSE({1,2},TRIM('QS Raw Results'!$B$41:$B$233)&TRIM('QS Raw Results'!$G$41:$G$233),'QS Raw Results'!$I$41:$I$233),2,FALSE))} -> 17.718 | J20: {=IF(VLOOKUP($B7&J$5&"VIC",CHOOSE({1,2},TRIM('QS Raw Results'!$B$41:$B$233)&TRIM('QS Raw Results'!$G$41:$G$233),'QS Raw Results'!$I$41:$I$233),2,FALSE)="Undetermined",0,VLOOKUP($B7&J$5&"VIC",CHOOSE({1,2},TRIM('QS Raw Results'!$B$41:$B$233)&TRIM('QS Raw Results'!$G$41:$G$233),'QS Raw Results'!$I$41:$I$233),2,FALSE))} -> 17.76 | ... N20: {=IF(VLOOKUP($B7&N$5&"VIC",CHOOSE({1,2},TRIM('QS Raw Results'!$B$41:$B$233)&TRIM('QS Raw Results'!$G$41:$G$233),'QS Raw Results'!$I$41:$I$233),2,FALSE)="Undetermined",0,VLOOKUP($B7&N$5&"VIC",CHOOSE({1,2},TRIM('QS Raw Results'!$B$41:$B$233)&TRIM('QS Raw Results'!$G$41:$G$233),'QS Raw Results'!$I$41:$I$233),2,FALSE))} -> 19.796 | P20: 3 | Q20: {=F8:H8} -> 29.847 | R20: 30.192 | S20: 30.453 | T20: =IFERROR(AVERAGEIF(_xlfn.ANCHORARRAY(Q20),"<>0"),0) -> 30.164 | U20: =IFERROR((_xlfn.STDEV.P(Q20:S20)/SQRT(3)),0) -> 0.14329224 | V20: =IF(T20=0,0,10^((T20-'QS RNase P Analysis'!$R$34)/'QS RNase P Analysis'!$R$35)) -> 615.15047 | Z20: 3 | AA20: {=F21:H21} -> 25.404 | AB20: 25.987 | AC20: 26.226 | AD20: =IFERROR(AVERAGEIF(_xlfn.ANCHORARRAY(AA20),"<>0"),0) -> 25.872333 | AE20: =IFERROR((_xlfn.STDEV.P(AA20:AC20)/SQRT(3)),0) -> 0.19932237 | AF20: =IF(AD20=0,0,10^((AD20-'QS 16S Analysis'!$R$34)/'QS 16S Analysis'!$R$35)) -> 5.7455409
B21: C | C21: {=IF(VLOOKUP($B8&C$5&"VIC",CHOOSE({1,2},TRIM('QS Raw Results'!$B$41:$B$233)&TRIM('QS Raw Results'!$G$41:$G$233),'QS Raw Results'!$I$41:$I$233),2,FALSE)="Undetermined",0,VLOOKUP($B8&C$5&"VIC",CHOOSE({1,2},TRIM('QS Raw Results'!$B$41:$B$233)&TRIM('QS Raw Results'!$G$41:$G$233),'QS Raw Results'!$I$41:$I$233),2,FALSE))} -> 19.777 | D21: {=IF(VLOOKUP($B8&D$5&"VIC",CHOOSE({1,2},TRIM('QS Raw Results'!$B$41:$B$233)&TRIM('QS Raw Results'!$G$41:$G$233),'QS Raw Results'!$I$41:$I$233),2,FALSE)="Undetermined",0,VLOOKUP($B8&D$5&"VIC",CHOOSE({1,2},TRIM('QS Raw Results'!$B$41:$B$233)&TRIM('QS Raw Results'!$G$41:$G$233),'QS Raw Results'!$I$41:$I$233),2,FALSE))} -> 19.597 | E21: {=IF(VLOOKUP($B8&E$5&"VIC",CHOOSE({1,2},TRIM('QS Raw Results'!$B$41:$B$233)&TRIM('QS Raw Results'!$G$41:$G$233),'QS Raw Results'!$I$41:$I$233),2,FALSE)="Undetermined",0,VLOOKUP($B8&E$5&"VIC",CHOOSE({1,2},TRIM('QS Raw Results'!$B$41:$B$233)&TRIM('QS Raw Results'!$G$41:$G$233),'QS Raw Results'!$I$41:$I$233),2,FALSE))} -> 19.662 | F21: {=IF(VLOOKUP($B8&F$5&"VIC",CHOOSE({1,2},TRIM('QS Raw Results'!$B$41:$B$233)&TRIM('QS Raw Results'!$G$41:$G$233),'QS Raw Results'!$I$41:$I$233),2,FALSE)="Undetermined",0,VLOOKUP($B8&F$5&"VIC",CHOOSE({1,2},TRIM('QS Raw Results'!$B$41:$B$233)&TRIM('QS Raw Results'!$G$41:$G$233),'QS Raw Results'!$I$41:$I$233),2,FALSE))} -> 25.404 | G21: {=IF(VLOOKUP($B8&G$5&"VIC",CHOOSE({1,2},TRIM('QS Raw Results'!$B$41:$B$233)&TRIM('QS Raw Results'!$G$41:$G$233),'QS Raw Results'!$I$41:$I$233),2,FALSE)="Undetermined",0,VLOOKUP($B8&G$5&"VIC",CHOOSE({1,2},TRIM('QS Raw Results'!$B$41:$B$233)&TRIM('QS Raw Results'!$G$41:$G$233),'QS Raw Results'!$I$41:$I$233),2,FALSE))} -> 25.987 | H21: {=IF(VLOOKUP($B8&H$5&"VIC",CHOOSE({1,2},TRIM('QS Raw Results'!$B$41:$B$233)&TRIM('QS Raw Results'!$G$41:$G$233),'QS Raw Results'!$I$41:$I$233),2,FALSE)="Undetermined",0,VLOOKUP($B8&H$5&"VIC",CHOOSE({1,2},TRIM('QS Raw Results'!$B$41:$B$233)&TRIM('QS Raw Results'!$G$41:$G$233),'QS Raw Results'!$I$41:$I$233),2,FALSE))} -> 26.226 | I21: {=IF(VLOOKUP($B8&I$5&"VIC",CHOOSE({1,2},TRIM('QS Raw Results'!$B$41:$B$233)&TRIM('QS Raw Results'!$G$41:$G$233),'QS Raw Results'!$I$41:$I$233),2,FALSE)="Undetermined",0,VLOOKUP($B8&I$5&"VIC",CHOOSE({1,2},TRIM('QS Raw Results'!$B$41:$B$233)&TRIM('QS Raw Results'!$G$41:$G$233),'QS Raw Results'!$I$41:$I$233),2,FALSE))} -> 18.974 | J21: {=IF(VLOOKUP($B8&J$5&"VIC",CHOOSE({1,2},TRIM('QS Raw Results'!$B$41:$B$233)&TRIM('QS Raw Results'!$G$41:$G$233),'QS Raw Results'!$I$41:$I$233),2,FALSE)="Undetermined",0,VLOOKUP($B8&J$5&"VIC",CHOOSE({1,2},TRIM('QS Raw Results'!$B$41:$B$233)&TRIM('QS Raw Results'!$G$41:$G$233),'QS Raw Results'!$I$41:$I$233),2,FALSE))} -> 19.029 | ... N21: {=IF(VLOOKUP($B8&N$5&"VIC",CHOOSE({1,2},TRIM('QS Raw Results'!$B$41:$B$233)&TRIM('QS Raw Results'!$G$41:$G$233),'QS Raw Results'!$I$41:$I$233),2,FALSE)="Undetermined",0,VLOOKUP($B8&N$5&"VIC",CHOOSE({1,2},TRIM('QS Raw Results'!$B$41:$B$233)&TRIM('QS Raw Results'!$G$41:$G$233),'QS Raw Results'!$I$41:$I$233),2,FALSE))} -> 18.97 | P21: 4 | Q21: {=F9:H9} -> 29.895 | R21: 29.943 | S21: 29.695 | T21: =IFERROR(AVERAGEIF(_xlfn.ANCHORARRAY(Q21),"<>0"),0) -> 29.844333 | U21: =IFERROR((_xlfn.STDEV.P(Q21:S21)/SQRT(3)),0) -> 0.062005973 | V21: =IF(T21=0,0,10^((T21-'QS RNase P Analysis'!$R$34)/'QS RNase P Analysis'!$R$35)) -> 758.99875 | Z21: 4 | AA21: {=F22:H22} -> 19.101 | AB21: 19.127 | AC21: 18.968 | AD21: =IFERROR(AVERAGEIF(_xlfn.ANCHORARRAY(AA21),"<>0"),0) -> 19.065333 | AE21: =IFERROR((_xlfn.STDEV.P(AA21:AC21)/SQRT(3)),0) -> 0.040205951 | AF21: =IF(AD21=0,0,10^((AD21-'QS 16S Analysis'!$R$34)/'QS 16S Analysis'!$R$35)) -> 440.53033
B22: D | C22: {=IF(VLOOKUP($B9&C$5&"VIC",CHOOSE({1,2},TRIM('QS Raw Results'!$B$41:$B$233)&TRIM('QS Raw Results'!$G$41:$G$233),'QS Raw Results'!$I$41:$I$233),2,FALSE)="Undetermined",0,VLOOKUP($B9&C$5&"VIC",CHOOSE({1,2},TRIM('QS Raw Results'!$B$41:$B$233)&TRIM('QS Raw Results'!$G$41:$G$233),'QS Raw Results'!$I$41:$I$233),2,FALSE))} -> 22.983 | D22: {=IF(VLOOKUP($B9&D$5&"VIC",CHOOSE({1,2},TRIM('QS Raw Results'!$B$41:$B$233)&TRIM('QS Raw Results'!$G$41:$G$233),'QS Raw Results'!$I$41:$I$233),2,FALSE)="Undetermined",0,VLOOKUP($B9&D$5&"VIC",CHOOSE({1,2},TRIM('QS Raw Results'!$B$41:$B$233)&TRIM('QS Raw Results'!$G$41:$G$233),'QS Raw Results'!$I$41:$I$233),2,FALSE))} -> 22.979 | E22: {=IF(VLOOKUP($B9&E$5&"VIC",CHOOSE({1,2},TRIM('QS Raw Results'!$B$41:$B$233)&TRIM('QS Raw Results'!$G$41:$G$233),'QS Raw Results'!$I$41:$I$233),2,FALSE)="Undetermined",0,VLOOKUP($B9&E$5&"VIC",CHOOSE({1,2},TRIM('QS Raw Results'!$B$41:$B$233)&TRIM('QS Raw Results'!$G$41:$G$233),'QS Raw Results'!$I$41:$I$233),2,FALSE))} -> 22.843 | F22: {=IF(VLOOKUP($B9&F$5&"VIC",CHOOSE({1,2},TRIM('QS Raw Results'!$B$41:$B$233)&TRIM('QS Raw Results'!$G$41:$G$233),'QS Raw Results'!$I$41:$I$233),2,FALSE)="Undetermined",0,VLOOKUP($B9&F$5&"VIC",CHOOSE({1,2},TRIM('QS Raw Results'!$B$41:$B$233)&TRIM('QS Raw Results'!$G$41:$G$233),'QS Raw Results'!$I$41:$I$233),2,FALSE))} -> 19.101 | G22: {=IF(VLOOKUP($B9&G$5&"VIC",CHOOSE({1,2},TRIM('QS Raw Results'!$B$41:$B$233)&TRIM('QS Raw Results'!$G$41:$G$233),'QS Raw Results'!$I$41:$I$233),2,FALSE)="Undetermined",0,VLOOKUP($B9&G$5&"VIC",CHOOSE({1,2},TRIM('QS Raw Results'!$B$41:$B$233)&TRIM('QS Raw Results'!$G$41:$G$233),'QS Raw Results'!$I$41:$I$233),2,FALSE))} -> 19.127 | H22: {=IF(VLOOKUP($B9&H$5&"VIC",CHOOSE({1,2},TRIM('QS Raw Results'!$B$41:$B$233)&TRIM('QS Raw Results'!$G$41:$G$233),'QS Raw Results'!$I$41:$I$233),2,FALSE)="Undetermined",0,VLOOKUP($B9&H$5&"VIC",CHOOSE({1,2},TRIM('QS Raw Results'!$B$41:$B$233)&TRIM('QS Raw Results'!$G$41:$G$233),'QS Raw Results'!$I$41:$I$233),2,FALSE))} -> 18.968 | I22: {=IF(VLOOKUP($B9&I$5&"VIC",CHOOSE({1,2},TRIM('QS Raw Results'!$B$41:$B$233)&TRIM('QS Raw Results'!$G$41:$G$233),'QS Raw Results'!$I$41:$I$233),2,FALSE)="Undetermined",0,VLOOKUP($B9&I$5&"VIC",CHOOSE({1,2},TRIM('QS Raw Results'!$B$41:$B$233)&TRIM('QS Raw Results'!$G$41:$G$233),'QS Raw Results'!$I$41:$I$233),2,FALSE))} -> 15.842 | J22: {=IF(VLOOKUP($B9&J$5&"VIC",CHOOSE({1,2},TRIM('QS Raw Results'!$B$41:$B$233)&TRIM('QS Raw Results'!$G$41:$G$233),'QS Raw Results'!$I$41:$I$233),2,FALSE)="Undetermined",0,VLOOKUP($B9&J$5&"VIC",CHOOSE({1,2},TRIM('QS Raw Results'!$B$41:$B$233)&TRIM('QS Raw Results'!$G$41:$G$233),'QS Raw Results'!$I$41:$I$233),2,FALSE))} -> 15.973 | ... N22: {=IF(VLOOKUP($B9&N$5&"VIC",CHOOSE({1,2},TRIM('QS Raw Results'!$B$41:$B$233)&TRIM('QS Raw Results'!$G$41:$G$233),'QS Raw Results'!$I$41:$I$233),2,FALSE)="Undetermined",0,VLOOKUP($B9&N$5&"VIC",CHOOSE({1,2},TRIM('QS Raw Results'!$B$41:$B$233)&TRIM('QS Raw Results'!$G$41:$G$233),'QS Raw Results'!$I$41:$I$233),2,FALSE))} -> 21.812 | P22: 5 | Q22: {=F10:H10} -> 28.807 | R22: 28.35 | S22: 28.268 | T22: =IFERROR(AVERAGEIF(_xlfn.ANCHORARRAY(Q22),"<>0"),0) -> 28.475 | U22: =IFERROR((_xlfn.STDEV.P(Q22:S22)/SQRT(3)),0) -> 0.13690954 | V22: =IF(T22=0,0,10^((T22-'QS RNase P Analysis'!$R$34)/'QS RNase P Analysis'!$R$35)) -> 1867.0836 | Z22: 5 | AA22: {=F23:H23} -> 21.366 | AB22: 20.878 | AC22: 20.867 | AD22: =IFERROR(AVERAGEIF(_xlfn.ANCHORARRAY(AA22),"<>0"),0) -> 21.037 | AE22: =IFERROR((_xlfn.STDEV.P(AA22:AC22)/SQRT(3)),0) -> 0.13433871 | AF22: =IF(AD22=0,0,10^((AD22-'QS 16S Analysis'!$R$34)/'QS 16S Analysis'!$R$35)) -> 125.3381
B23: E | C23: {=IF(VLOOKUP($B10&C$5&"VIC",CHOOSE({1,2},TRIM('QS Raw Results'!$B$41:$B$233)&TRIM('QS Raw Results'!$G$41:$G$233),'QS Raw Results'!$I$41:$I$233),2,FALSE)="Undetermined",0,VLOOKUP($B10&C$5&"VIC",CHOOSE({1,2},TRIM('QS Raw Results'!$B$41:$B$233)&TRIM('QS Raw Results'!$G$41:$G$233),'QS Raw Results'!$I$41:$I$233),2,FALSE))} -> 26.128 | D23: {=IF(VLOOKUP($B10&D$5&"VIC",CHOOSE({1,2},TRIM('QS Raw Results'!$B$41:$B$233)&TRIM('QS Raw Results'!$G$41:$G$233),'QS Raw Results'!$I$41:$I$233),2,FALSE)="Undetermined",0,VLOOKUP($B10&D$5&"VIC",CHOOSE({1,2},TRIM('QS Raw Results'!$B$41:$B$233)&TRIM('QS Raw Results'!$G$41:$G$233),'QS Raw Results'!$I$41:$I$233),2,FALSE))} -> 26.134 | E23: {=IF(VLOOKUP($B10&E$5&"VIC",CHOOSE({1,2},TRIM('QS Raw Results'!$B$41:$B$233)&TRIM('QS Raw Results'!$G$41:$G$233),'QS Raw Results'!$I$41:$I$233),2,FALSE)="Undetermined",0,VLOOKUP($B10&E$5&"VIC",CHOOSE({1,2},TRIM('QS Raw Results'!$B$41:$B$233)&TRIM('QS Raw Results'!$G$41:$G$233),'QS Raw Results'!$I$41:$I$233),2,FALSE))} -> 25.998 | F23: {=IF(VLOOKUP($B10&F$5&"VIC",CHOOSE({1,2},TRIM('QS Raw Results'!$B$41:$B$233)&TRIM('QS Raw Results'!$G$41:$G$233),'QS Raw Results'!$I$41:$I$233),2,FALSE)="Undetermined",0,VLOOKUP($B10&F$5&"VIC",CHOOSE({1,2},TRIM('QS Raw Results'!$B$41:$B$233)&TRIM('QS Raw Results'!$G$41:$G$233),'QS Raw Results'!$I$41:$I$233),2,FALSE))} -> 21.366 | G23: {=IF(VLOOKUP($B10&G$5&"VIC",CHOOSE({1,2},TRIM('QS Raw Results'!$B$41:$B$233)&TRIM('QS Raw Results'!$G$41:$G$233),'QS Raw Results'!$I$41:$I$233),2,FALSE)="Undetermined",0,VLOOKUP($B10&G$5&"VIC",CHOOSE({1,2},TRIM('QS Raw Results'!$B$41:$B$233)&TRIM('QS Raw Results'!$G$41:$G$233),'QS Raw Results'!$I$41:$I$233),2,FALSE))} -> 20.878 | H23: {=IF(VLOOKUP($B10&H$5&"VIC",CHOOSE({1,2},TRIM('QS Raw Results'!$B$41:$B$233)&TRIM('QS Raw Results'!$G$41:$G$233),'QS Raw Results'!$I$41:$I$233),2,FALSE)="Undetermined",0,VLOOKUP($B10&H$5&"VIC",CHOOSE({1,2},TRIM('QS Raw Results'!$B$41:$B$233)&TRIM('QS Raw Results'!$G$41:$G$233),'QS Raw Results'!$I$41:$I$233),2,FALSE))} -> 20.867 | I23: {=IF(VLOOKUP($B10&I$5&"VIC",CHOOSE({1,2},TRIM('QS Raw Results'!$B$41:$B$233)&TRIM('QS Raw Results'!$G$41:$G$233),'QS Raw Results'!$I$41:$I$233),2,FALSE)="Undetermined",0,VLOOKUP($B10&I$5&"VIC",CHOOSE({1,2},TRIM('QS Raw Results'!$B$41:$B$233)&TRIM('QS Raw Results'!$G$41:$G$233),'QS Raw Results'!$I$41:$I$233),2,FALSE))} -> 19.406 | J23: {=IF(VLOOKUP($B10&J$5&"VIC",CHOOSE({1,2},TRIM('QS Raw Results'!$B$41:$B$233)&TRIM('QS Raw Results'!$G$41:$G$233),'QS Raw Results'!$I$41:$I$233),2,FALSE)="Undetermined",0,VLOOKUP($B10&J$5&"VIC",CHOOSE({1,2},TRIM('QS Raw Results'!$B$41:$B$233)&TRIM('QS Raw Results'!$G$41:$G$233),'QS Raw Results'!$I$41:$I$233),2,FALSE))} -> 19.577 | ... N23: {=IF(VLOOKUP($B10&N$5&"VIC",CHOOSE({1,2},TRIM('QS Raw Results'!$B$41:$B$233)&TRIM('QS Raw Results'!$G$41:$G$233),'QS Raw Results'!$I$41:$I$233),2,FALSE)="Undetermined",0,VLOOKUP($B10&N$5&"VIC",CHOOSE({1,2},TRIM('QS Raw Results'!$B$41:$B$233)&TRIM('QS Raw Results'!$G$41:$G$233),'QS Raw Results'!$I$41:$I$233),2,FALSE))} -> 19.905 | P23: 6 | Q23: {=F11:H11} -> 30.825 | R23: 30.595 | S23: 30.649 | T23: =IFERROR(AVERAGEIF(_xlfn.ANCHORARRAY(Q23),"<>0"),0) -> 30.689667 | U23: =IFERROR((_xlfn.STDEV.P(Q23:S23)/SQRT(3)),0) -> 0.056696724 | V23: =IF(T23=0,0,10^((T23-'QS RNase P Analysis'!$R$34)/'QS RNase P Analysis'!$R$35)) -> 435.42359 | Z23: 6 | AA23: {=F24:H24} -> 25.085 | AB23: 24.973 | AC23: 24.954 | AD23: =IFERROR(AVERAGEIF(_xlfn.ANCHORARRAY(AA23),"<>0"),0) -> 25.004 | AE23: =IFERROR((_xlfn.STDEV.P(AA23:AC23)/SQRT(3)),0) -> 0.03336998 | AF23: =IF(AD23=0,0,10^((AD23-'QS 16S Analysis'!$R$34)/'QS 16S Analysis'!$R$35)) -> 9.9941346
B24: F | C24: {=IF(VLOOKUP($B11&C$5&"VIC",CHOOSE({1,2},TRIM('QS Raw Results'!$B$41:$B$233)&TRIM('QS Raw Results'!$G$41:$G$233),'QS Raw Results'!$I$41:$I$233),2,FALSE)="Undetermined",0,VLOOKUP($B11&C$5&"VIC",CHOOSE({1,2},TRIM('QS Raw Results'!$B$41:$B$233)&TRIM('QS Raw Results'!$G$41:$G$233),'QS Raw Results'!$I$41:$I$233),2,FALSE))} -> 29.436 | D24: {=IF(VLOOKUP($B11&D$5&"VIC",CHOOSE({1,2},TRIM('QS Raw Results'!$B$41:$B$233)&TRIM('QS Raw Results'!$G$41:$G$233),'QS Raw Results'!$I$41:$I$233),2,FALSE)="Undetermined",0,VLOOKUP($B11&D$5&"VIC",CHOOSE({1,2},TRIM('QS Raw Results'!$B$41:$B$233)&TRIM('QS Raw Results'!$G$41:$G$233),'QS Raw Results'!$I$41:$I$233),2,FALSE))} -> 29.219 | E24: {=IF(VLOOKUP($B11&E$5&"VIC",CHOOSE({1,2},TRIM('QS Raw Results'!$B$41:$B$233)&TRIM('QS Raw Results'!$G$41:$G$233),'QS Raw Results'!$I$41:$I$233),2,FALSE)="Undetermined",0,VLOOKUP($B11&E$5&"VIC",CHOOSE({1,2},TRIM('QS Raw Results'!$B$41:$B$233)&TRIM('QS Raw Results'!$G$41:$G$233),'QS Raw Results'!$I$41:$I$233),2,FALSE))} -> 29.486 | F24: {=IF(VLOOKUP($B11&F$5&"VIC",CHOOSE({1,2},TRIM('QS Raw Results'!$B$41:$B$233)&TRIM('QS Raw Results'!$G$41:$G$233),'QS Raw Results'!$I$41:$I$233),2,FALSE)="Undetermined",0,VLOOKUP($B11&F$5&"VIC",CHOOSE({1,2},TRIM('QS Raw Results'!$B$41:$B$233)&TRIM('QS Raw Results'!$G$41:$G$233),'QS Raw Results'!$I$41:$I$233),2,FALSE))} -> 25.085 | G24: {=IF(VLOOKUP($B11&G$5&"VIC",CHOOSE({1,2},TRIM('QS Raw Results'!$B$41:$B$233)&TRIM('QS Raw Results'!$G$41:$G$233),'QS Raw Results'!$I$41:$I$233),2,FALSE)="Undetermined",0,VLOOKUP($B11&G$5&"VIC",CHOOSE({1,2},TRIM('QS Raw Results'!$B$41:$B$233)&TRIM('QS Raw Results'!$G$41:$G$233),'QS Raw Results'!$I$41:$I$233),2,FALSE))} -> 24.973 | H24: {=IF(VLOOKUP($B11&H$5&"VIC",CHOOSE({1,2},TRIM('QS Raw Results'!$B$41:$B$233)&TRIM('QS Raw Results'!$G$41:$G$233),'QS Raw Results'!$I$41:$I$233),2,FALSE)="Undetermined",0,VLOOKUP($B11&H$5&"VIC",CHOOSE({1,2},TRIM('QS Raw Results'!$B$41:$B$233)&TRIM('QS Raw Results'!$G$41:$G$233),'QS Raw Results'!$I$41:$I$233),2,FALSE))} -> 24.954 | I24: {=IF(VLOOKUP($B11&I$5&"VIC",CHOOSE({1,2},TRIM('QS Raw Results'!$B$41:$B$233)&TRIM('QS Raw Results'!$G$41:$G$233),'QS Raw Results'!$I$41:$I$233),2,FALSE)="Undetermined",0,VLOOKUP($B11&I$5&"VIC",CHOOSE({1,2},TRIM('QS Raw Results'!$B$41:$B$233)&TRIM('QS Raw Results'!$G$41:$G$233),'QS Raw Results'!$I$41:$I$233),2,FALSE))} -> 20.333 | J24: {=IF(VLOOKUP($B11&J$5&"VIC",CHOOSE({1,2},TRIM('QS Raw Results'!$B$41:$B$233)&TRIM('QS Raw Results'!$G$41:$G$233),'QS Raw Results'!$I$41:$I$233),2,FALSE)="Undetermined",0,VLOOKUP($B11&J$5&"VIC",CHOOSE({1,2},TRIM('QS Raw Results'!$B$41:$B$233)&TRIM('QS Raw Results'!$G$41:$G$233),'QS Raw Results'!$I$41:$I$233),2,FALSE))} -> 20.35 | ... N24: {=IF(VLOOKUP($B11&N$5&"VIC",CHOOSE({1,2},TRIM('QS Raw Results'!$B$41:$B$233)&TRIM('QS Raw Results'!$G$41:$G$233),'QS Raw Results'!$I$41:$I$233),2,FALSE)="Undetermined",0,VLOOKUP($B11&N$5&"VIC",CHOOSE({1,2},TRIM('QS Raw Results'!$B$41:$B$233)&TRIM('QS Raw Results'!$G$41:$G$233),'QS Raw Results'!$I$41:$I$233),2,FALSE))} -> 20.926 | P24: 7 | Q24: {=F12:H12} -> 34.516 | R24: 32.584 | S24: 32.28 | T24: =IFERROR(AVERAGEIF(_xlfn.ANCHORARRAY(Q24),"<>0"),0) -> 33.126667 | U24: =IFERROR((_xlfn.STDEV.P(Q24:S24)/SQRT(3)),0) -> 0.57170104 | V24: =IF(T24=0,0,10^((T24-'QS RNase P Analysis'!$R$34)/'QS RNase P Analysis'!$R$35)) -> 87.737963 | Z24: 7 | AA24: {=F25:H25} -> 18.567 | AB24: 18.014 | AC24: 18.022 | AD24: =IFERROR(AVERAGEIF(_xlfn.ANCHORARRAY(AA24),"<>0"),0) -> 18.201 | AE24: =IFERROR((_xlfn.STDEV.P(AA24:AC24)/SQRT(3)),0) -> 0.14943077 | AF24: =IF(AD24=0,0,10^((AD24-'QS 16S Analysis'!$R$34)/'QS 16S Analysis'!$R$35)) -> 764.333
B25: G | C25: {=IF(VLOOKUP($B12&C$5&"VIC",CHOOSE({1,2},TRIM('QS Raw Results'!$B$41:$B$233)&TRIM('QS Raw Results'!$G$41:$G$233),'QS Raw Results'!$I$41:$I$233),2,FALSE)="Undetermined",0,VLOOKUP($B12&C$5&"VIC",CHOOSE({1,2},TRIM('QS Raw Results'!$B$41:$B$233)&TRIM('QS Raw Results'!$G$41:$G$233),'QS Raw Results'!$I$41:$I$233),2,FALSE))} -> #N/A | D25: {=IF(VLOOKUP($B12&D$5&"VIC",CHOOSE({1,2},TRIM('QS Raw Results'!$B$41:$B$233)&TRIM('QS Raw Results'!$G$41:$G$233),'QS Raw Results'!$I$41:$I$233),2,FALSE)="Undetermined",0,VLOOKUP($B12&D$5&"VIC",CHOOSE({1,2},TRIM('QS Raw Results'!$B$41:$B$233)&TRIM('QS Raw Results'!$G$41:$G$233),'QS Raw Results'!$I$41:$I$233),2,FALSE))} -> #N/A | E25: {=IF(VLOOKUP($B12&E$5&"VIC",CHOOSE({1,2},TRIM('QS Raw Results'!$B$41:$B$233)&TRIM('QS Raw Results'!$G$41:$G$233),'QS Raw Results'!$I$41:$I$233),2,FALSE)="Undetermined",0,VLOOKUP($B12&E$5&"VIC",CHOOSE({1,2},TRIM('QS Raw Results'!$B$41:$B$233)&TRIM('QS Raw Results'!$G$41:$G$233),'QS Raw Results'!$I$41:$I$233),2,FALSE))} -> #N/A | F25: {=IF(VLOOKUP($B12&F$5&"VIC",CHOOSE({1,2},TRIM('QS Raw Results'!$B$41:$B$233)&TRIM('QS Raw Results'!$G$41:$G$233),'QS Raw Results'!$I$41:$I$233),2,FALSE)="Undetermined",0,VLOOKUP($B12&F$5&"VIC",CHOOSE({1,2},TRIM('QS Raw Results'!$B$41:$B$233)&TRIM('QS Raw Results'!$G$41:$G$233),'QS Raw Results'!$I$41:$I$233),2,FALSE))} -> 18.567 | G25: {=IF(VLOOKUP($B12&G$5&"VIC",CHOOSE({1,2},TRIM('QS Raw Results'!$B$41:$B$233)&TRIM('QS Raw Results'!$G$41:$G$233),'QS Raw Results'!$I$41:$I$233),2,FALSE)="Undetermined",0,VLOOKUP($B12&G$5&"VIC",CHOOSE({1,2},TRIM('QS Raw Results'!$B$41:$B$233)&TRIM('QS Raw Results'!$G$41:$G$233),'QS Raw Results'!$I$41:$I$233),2,FALSE))} -> 18.014 | H25: {=IF(VLOOKUP($B12&H$5&"VIC",CHOOSE({1,2},TRIM('QS Raw Results'!$B$41:$B$233)&TRIM('QS Raw Results'!$G$41:$G$233),'QS Raw Results'!$I$41:$I$233),2,FALSE)="Undetermined",0,VLOOKUP($B12&H$5&"VIC",CHOOSE({1,2},TRIM('QS Raw Results'!$B$41:$B$233)&TRIM('QS Raw Results'!$G$41:$G$233),'QS Raw Results'!$I$41:$I$233),2,FALSE))} -> 18.022 | I25: {=IF(VLOOKUP($B12&I$5&"VIC",CHOOSE({1,2},TRIM('QS Raw Results'!$B$41:$B$233)&TRIM('QS Raw Results'!$G$41:$G$233),'QS Raw Results'!$I$41:$I$233),2,FALSE)="Undetermined",0,VLOOKUP($B12&I$5&"VIC",CHOOSE({1,2},TRIM('QS Raw Results'!$B$41:$B$233)&TRIM('QS Raw Results'!$G$41:$G$233),'QS Raw Results'!$I$41:$I$233),2,FALSE))} -> 22.09 | J25: {=IF(VLOOKUP($B12&J$5&"VIC",CHOOSE({1,2},TRIM('QS Raw Results'!$B$41:$B$233)&TRIM('QS Raw Results'!$G$41:$G$233),'QS Raw Results'!$I$41:$I$233),2,FALSE)="Undetermined",0,VLOOKUP($B12&J$5&"VIC",CHOOSE({1,2},TRIM('QS Raw Results'!$B$41:$B$233)&TRIM('QS Raw Results'!$G$41:$G$233),'QS Raw Results'!$I$41:$I$233),2,FALSE))} -> 22.135 | ... N25: {=IF(VLOOKUP($B12&N$5&"VIC",CHOOSE({1,2},TRIM('QS Raw Results'!$B$41:$B$233)&TRIM('QS Raw Results'!$G$41:$G$233),'QS Raw Results'!$I$41:$I$233),2,FALSE)="Undetermined",0,VLOOKUP($B12&N$5&"VIC",CHOOSE({1,2},TRIM('QS Raw Results'!$B$41:$B$233)&TRIM('QS Raw Results'!$G$41:$G$233),'QS Raw Results'!$I$41:$I$233),2,FALSE))} -> 30.141 | P25: 8 | Q25: {=F13:H13} -> 30.172 | R25: 30.23 | S25: 30.062 | T25: =IFERROR(AVERAGEIF(_xlfn.ANCHORARRAY(Q25),"<>0"),0) -> 30.154667 | U25: =IFERROR((_xlfn.STDEV.P(Q25:S25)/SQRT(3)),0) -> 0.040225291 | V25: =IF(T25=0,0,10^((T25-'QS RNase P Analysis'!$R$34)/'QS RNase P Analysis'!$R$35)) -> 618.93619 | Z25: 8 | AA25: {=F26:H26} -> 17.816 | AB25: 17.748 | AC25: 17.67 | AD25: =IFERROR(AVERAGEIF(_xlfn.ANCHORARRAY(AA25),"<>0"),0) -> 17.744667 | AE25: =IFERROR((_xlfn.STDEV.P(AA25:AC25)/SQRT(3)),0) -> 0.034439426 | AF25: =IF(AD25=0,0,10^((AD25-'QS 16S Analysis'!$R$34)/'QS 16S Analysis'!$R$35)) -> 1022.4145
B26: H | C26: {=IF(VLOOKUP($B13&C$5&"VIC",CHOOSE({1,2},TRIM('QS Raw Results'!$B$41:$B$233)&TRIM('QS Raw Results'!$G$41:$G$233),'QS Raw Results'!$I$41:$I$233),2,FALSE)="Undetermined",0,VLOOKUP($B13&C$5&"VIC",CHOOSE({1,2},TRIM('QS Raw Results'!$B$41:$B$233)&TRIM('QS Raw Results'!$G$41:$G$233),'QS Raw Results'!$I$41:$I$233),2,FALSE))} -> 35.605 | D26: {=IF(VLOOKUP($B13&D$5&"VIC",CHOOSE({1,2},TRIM('QS Raw Results'!$B$41:$B$233)&TRIM('QS Raw Results'!$G$41:$G$233),'QS Raw Results'!$I$41:$I$233),2,FALSE)="Undetermined",0,VLOOKUP($B13&D$5&"VIC",CHOOSE({1,2},TRIM('QS Raw Results'!$B$41:$B$233)&TRIM('QS Raw Results'!$G$41:$G$233),'QS Raw Results'!$I$41:$I$233),2,FALSE))} -> 35.014 | E26: {=IF(VLOOKUP($B13&E$5&"VIC",CHOOSE({1,2},TRIM('QS Raw Results'!$B$41:$B$233)&TRIM('QS Raw Results'!$G$41:$G$233),'QS Raw Results'!$I$41:$I$233),2,FALSE)="Undetermined",0,VLOOKUP($B13&E$5&"VIC",CHOOSE({1,2},TRIM('QS Raw Results'!$B$41:$B$233)&TRIM('QS Raw Results'!$G$41:$G$233),'QS Raw Results'!$I$41:$I$233),2,FALSE))} -> 35.254 | F26: {=IF(VLOOKUP($B13&F$5&"VIC",CHOOSE({1,2},TRIM('QS Raw Results'!$B$41:$B$233)&TRIM('QS Raw Results'!$G$41:$G$233),'QS Raw Results'!$I$41:$I$233),2,FALSE)="Undetermined",0,VLOOKUP($B13&F$5&"VIC",CHOOSE({1,2},TRIM('QS Raw Results'!$B$41:$B$233)&TRIM('QS Raw Results'!$G$41:$G$233),'QS Raw Results'!$I$41:$I$233),2,FALSE))} -> 17.816 | G26: {=IF(VLOOKUP($B13&G$5&"VIC",CHOOSE({1,2},TRIM('QS Raw Results'!$B$41:$B$233)&TRIM('QS Raw Results'!$G$41:$G$233),'QS Raw Results'!$I$41:$I$233),2,FALSE)="Undetermined",0,VLOOKUP($B13&G$5&"VIC",CHOOSE({1,2},TRIM('QS Raw Results'!$B$41:$B$233)&TRIM('QS Raw Results'!$G$41:$G$233),'QS Raw Results'!$I$41:$I$233),2,FALSE))} -> 17.748 | H26: {=IF(VLOOKUP($B13&H$5&"VIC",CHOOSE({1,2},TRIM('QS Raw Results'!$B$41:$B$233)&TRIM('QS Raw Results'!$G$41:$G$233),'QS Raw Results'!$I$41:$I$233),2,FALSE)="Undetermined",0,VLOOKUP($B13&H$5&"VIC",CHOOSE({1,2},TRIM('QS Raw Results'!$B$41:$B$233)&TRIM('QS Raw Results'!$G$41:$G$233),'QS Raw Results'!$I$41:$I$233),2,FALSE))} -> 17.67 | I26: {=IF(VLOOKUP($B13&I$5&"VIC",CHOOSE({1,2},TRIM('QS Raw Results'!$B$41:$B$233)&TRIM('QS Raw Results'!$G$41:$G$233),'QS Raw Results'!$I$41:$I$233),2,FALSE)="Undetermined",0,VLOOKUP($B13&I$5&"VIC",CHOOSE({1,2},TRIM('QS Raw Results'!$B$41:$B$233)&TRIM('QS Raw Results'!$G$41:$G$233),'QS Raw Results'!$I$41:$I$233),2,FALSE))} -> 16.093 | J26: {=IF(VLOOKUP($B13&J$5&"VIC",CHOOSE({1,2},TRIM('QS Raw Results'!$B$41:$B$233)&TRIM('QS Raw Results'!$G$41:$G$233),'QS Raw Results'!$I$41:$I$233),2,FALSE)="Undetermined",0,VLOOKUP($B13&J$5&"VIC",CHOOSE({1,2},TRIM('QS Raw Results'!$B$41:$B$233)&TRIM('QS Raw Results'!$G$41:$G$233),'QS Raw Results'!$I$41:$I$233),2,FALSE))} -> 16.22 | ... N26: {=IF(VLOOKUP($B13&N$5&"VIC",CHOOSE({1,2},TRIM('QS Raw Results'!$B$41:$B$233)&TRIM('QS Raw Results'!$G$41:$G$233),'QS Raw Results'!$I$41:$I$233),2,FALSE)="Undetermined",0,VLOOKUP($B13&N$5&"VIC",CHOOSE({1,2},TRIM('QS Raw Results'!$B$41:$B$233)&TRIM('QS Raw Results'!$G$41:$G$233),'QS Raw Results'!$I$41:$I$233),2,FALSE))} -> 29.492 | P26: 9 | Q26: {=I6:K6} -> 26.863 | R26: 26.876 | S26: 26.938 | T26: =IFERROR(AVERAGEIF(_xlfn.ANCHORARRAY(Q26),"<>0"),0) -> 26.892333 | U26: =IFERROR((_xlfn.STDEV.P(Q26:S26)/SQRT(3)),0) -> 0.018893463 | V26: =IF(T26=0,0,10^((T26-'QS RNase P Analysis'!$R$34)/'QS RNase P Analysis'!$R$35)) -> 5284.3273 | Z26: 9 | AA26: {=I19:K19} -> 26.019 | AB26: 26.074 | AC26: 26.121 | AD26: =IFERROR(AVERAGEIF(_xlfn.ANCHORARRAY(AA26),"<>0"),0) -> 26.071333 | AE26: =IFERROR((_xlfn.STDEV.P(AA26:AC26)/SQRT(3)),0) -> 0.024066267 | AF26: =IF(AD26=0,0,10^((AD26-'QS 16S Analysis'!$R$34)/'QS 16S Analysis'!$R$35)) -> 5.0609734
P27: 10 | Q27: {=I7:K7} -> 29.749 | R27: 29.599 | S27: 29.633 | T27: =IFERROR(AVERAGEIF(_xlfn.ANCHORARRAY(Q27),"<>0"),0) -> 29.660333 | U27: =IFERROR((_xlfn.STDEV.P(Q27:S27)/SQRT(3)),0) -> 0.0370745 | V27: =IF(T27=0,0,10^((T27-'QS RNase P Analysis'!$R$34)/'QS RNase P Analysis'!$R$35)) -> 856.5843 | Z27: 10 | AA27: {=I20:K20} -> 17.718 | AB27: 17.76 | AC27: 17.834 | AD27: =IFERROR(AVERAGEIF(_xlfn.ANCHORARRAY(AA27),"<>0"),0) -> 17.770667 | AE27: =IFERROR((_xlfn.STDEV.P(AA27:AC27)/SQRT(3)),0) -> 0.027686071 | AF27: =IF(AD27=0,0,10^((AD27-'QS 16S Analysis'!$R$34)/'QS 16S Analysis'!$R$35)) -> 1005.6073
P28: 11 | Q28: {=I8:K8} -> 29.728 | R28: 29.636 | S28: 29.709 | T28: =IFERROR(AVERAGEIF(_xlfn.ANCHORARRAY(Q28),"<>0"),0) -> 29.691 | U28: =IFERROR((_xlfn.STDEV.P(Q28:S28)/SQRT(3)),0) -> 0.0228959 | V28: =IF(T28=0,0,10^((T28-'QS RNase P Analysis'!$R$34)/'QS RNase P Analysis'!$R$35)) -> 839.4895 | Z28: 11 | AA28: {=I21:K21} -> 18.974 | AB28: 19.029 | AC28: 19.11 | AD28: =IFERROR(AVERAGEIF(_xlfn.ANCHORARRAY(AA28),"<>0"),0) -> 19.037667 | AE28: =IFERROR((_xlfn.STDEV.P(AA28:AC28)/SQRT(3)),0) -> 0.032250179 | AF28: =IF(AD28=0,0,10^((AD28-'QS 16S Analysis'!$R$34)/'QS 16S Analysis'!$R$35)) -> 448.36927
P29: 12 | Q29: {=I9:K9} -> 28.913 | R29: 28.912 | S29: 29.027 | T29: =IFERROR(AVERAGEIF(_xlfn.ANCHORARRAY(Q29),"<>0"),0) -> 28.950667 | U29: =IFERROR((_xlfn.STDEV.P(Q29:S29)/SQRT(3)),0) -> 0.031163844 | V29: =IF(T29=0,0,10^((T29-'QS RNase P Analysis'!$R$34)/'QS RNase P Analysis'!$R$35)) -> 1365.7417 | Z29: 12 | AA29: {=I22:K22} -> 15.842 | AB29: 15.973 | AC29: 16.033 | AD29: =IFERROR(AVERAGEIF(_xlfn.ANCHORARRAY(AA29),"<>0"),0) -> 15.949333 | AE29: =IFERROR((_xlfn.STDEV.P(AA29:AC29)/SQRT(3)),0) -> 0.046044262 | AF29: =IF(AD29=0,0,10^((AD29-'QS 16S Analysis'!$R$34)/'QS 16S Analysis'!$R$35)) -> 3211.4304
P30: 13 | Q30: {=I10:K10} -> 31.739 | R30: 31.712 | S30: 32.004 | T30: =IFERROR(AVERAGEIF(_xlfn.ANCHORARRAY(Q30),"<>0"),0) -> 31.818333 | U30: =IFERROR((_xlfn.STDEV.P(Q30:S30)/SQRT(3)),0) -> 0.076064787 | V30: =IF(T30=0,0,10^((T30-'QS RNase P Analysis'!$R$34)/'QS RNase P Analysis'!$R$35)) -> 207.34603 | Z30: 13 | AA30: {=I23:K23} -> 19.406 | AB30: 19.577 | AC30: 19.564 | AD30: =IFERROR(AVERAGEIF(_xlfn.ANCHORARRAY(AA30),"<>0"),0) -> 19.515667 | AE30: =IFERROR((_xlfn.STDEV.P(AA30:AC30)/SQRT(3)),0) -> 0.044875961 | AF30: =IF(AD30=0,0,10^((AD30-'QS 16S Analysis'!$R$34)/'QS 16S Analysis'!$R$35)) -> 330.59222
P31: 14 | Q31: {=I11:K11} -> 33.041 | R31: 33.619 | S31: 33.05 | T31: =IFERROR(AVERAGEIF(_xlfn.ANCHORARRAY(Q31),"<>0"),0) -> 33.236667 | U31: =IFERROR((_xlfn.STDEV.P(Q31:S31)/SQRT(3)),0) -> 0.15610134 | V31: =IF(T31=0,0,10^((T31-'QS RNase P Analysis'!$R$34)/'QS RNase P Analysis'!$R$35)) -> 81.617692 | Z31: 14 | AA31: {=I24:K24} -> 20.333 | AB31: 20.35 | AC31: 20.351 | AD31: =IFERROR(AVERAGEIF(_xlfn.ANCHORARRAY(AA31),"<>0"),0) -> 20.344667 | AE31: =IFERROR((_xlfn.STDEV.P(AA31:AC31)/SQRT(3)),0) -> 0.0047687253 | AF31: =IF(AD31=0,0,10^((AD31-'QS 16S Analysis'!$R$34)/'QS 16S Analysis'!$R$35)) -> 194.88056
P32: 15 | Q32: {=I12:K12} -> 34.283 | R32: 34.423 | S32: 34.162 | T32: =IFERROR(AVERAGEIF(_xlfn.ANCHORARRAY(Q32),"<>0"),0) -> 34.289333 | U32: =IFERROR((_xlfn.STDEV.P(Q32:S32)/SQRT(3)),0) -> 0.061572601 | V32: =IF(T32=0,0,10^((T32-'QS RNase P Analysis'!$R$34)/'QS RNase P Analysis'!$R$35)) -> 40.856848 | Z32: 15 | AA32: {=I25:K25} -> 22.09 | AB32: 22.135 | AC32: 22.142 | AD32: =IFERROR(AVERAGEIF(_xlfn.ANCHORARRAY(AA32),"<>0"),0) -> 22.122333 | AE32: =IFERROR((_xlfn.STDEV.P(AA32:AC32)/SQRT(3)),0) -> 0.013302743 | AF32: =IF(AD32=0,0,10^((AD32-'QS 16S Analysis'!$R$34)/'QS 16S Analysis'!$R$35)) -> 62.746333
P33: 16 | Q33: {=I13:K13} -> 31.149 | R33: 31.308 | S33: 31.281 | T33: =IFERROR(AVERAGEIF(_xlfn.ANCHORARRAY(Q33),"<>0"),0) -> 31.246 | U33: =IFERROR((_xlfn.STDEV.P(Q33:S33)/SQRT(3)),0) -> 0.040108187 | V33: =IF(T33=0,0,10^((T33-'QS RNase P Analysis'!$R$34)/'QS RNase P Analysis'!$R$35)) -> 302.05617 | Z33: 16 | AA33: {=I26:K26} -> 16.093 | AB33: 16.22 | AC33: 16.34 | AD33: =IFERROR(AVERAGEIF(_xlfn.ANCHORARRAY(AA33),"<>0"),0) -> 16.217667 | AE33: =IFERROR((_xlfn.STDEV.P(AA33:AC33)/SQRT(3)),0) -> 0.058226251 | AF33: =IF(AD33=0,0,10^((AD33-'QS 16S Analysis'!$R$34)/'QS 16S Analysis'!$R$35)) -> 2706.4838
P34: 17 | Q34: {=L6:N6} -> 31.993 | R34: 32.257 | S34: 32.329 | T34: =IFERROR(AVERAGEIF(_xlfn.ANCHORARRAY(Q34),"<>0"),0) -> 32.193 | U34: =IFERROR((_xlfn.STDEV.P(Q34:S34)/SQRT(3)),0) -> 0.083394644 | V34: =IF(T34=0,0,10^((T34-'QS RNase P Analysis'!$R$34)/'QS RNase P Analysis'!$R$35)) -> 162.08186 | Z34: 17 | AA34: {=L19:N19} -> 20.302 | AB34: 20.689 | AC34: 20.673 | AD34: =IFERROR(AVERAGEIF(_xlfn.ANCHORARRAY(AA34),"<>0"),0) -> 20.554667 | AE34: =IFERROR((_xlfn.STDEV.P(AA34:AC34)/SQRT(3)),0) -> 0.10321965 | AF34: =IF(AD34=0,0,10^((AD34-'QS 16S Analysis'!$R$34)/'QS 16S Analysis'!$R$35)) -> 170.46142
P35: 18 | Q35: {=L7:N7} -> 32.398 | R35: 32.599 | S35: 32.378 | T35: =IFERROR(AVERAGEIF(_xlfn.ANCHORARRAY(Q35),"<>0"),0) -> 32.458333 | U35: =IFERROR((_xlfn.STDEV.P(Q35:S35)/SQRT(3)),0) -> 0.057620084 | V35: =IF(T35=0,0,10^((T35-'QS RNase P Analysis'!$R$34)/'QS RNase P Analysis'!$R$35)) -> 136.14008 | Z35: 18 | AA35: {=L20:N20} -> 19.426 | AB35: 19.582 | AC35: 19.796 | AD35: =IFERROR(AVERAGEIF(_xlfn.ANCHORARRAY(AA35),"<>0"),0) -> 19.601333 | AE35: =IFERROR((_xlfn.STDEV.P(AA35:AC35)/SQRT(3)),0) -> 0.087566271 | AF35: =IF(AD35=0,0,10^((AD35-'QS 16S Analysis'!$R$34)/'QS 16S Analysis'!$R$35)) -> 313.02153
P36: 19 | Q36: {=L8:N8} -> 29.911 | R36: 29.697 | S36: 29.688 | T36: =IFERROR(AVERAGEIF(_xlfn.ANCHORARRAY(Q36),"<>0"),0) -> 29.765333 | U36: =IFERROR((_xlfn.STDEV.P(Q36:S36)/SQRT(3)),0) -> 0.059505991 | V36: =IF(T36=0,0,10^((T36-'QS RNase P Analysis'!$R$34)/'QS RNase P Analysis'!$R$35)) -> 799.4555 | Z36: 19 | AA36: {=L21:N21} -> 18.99 | AB36: 18.988 | AC36: 18.97 | AD36: =IFERROR(AVERAGEIF(_xlfn.ANCHORARRAY(AA36),"<>0"),0) -> 18.982667 | AE36: =IFERROR((_xlfn.STDEV.P(AA36:AC36)/SQRT(3)),0) -> 0.0051925873 | AF36: =IF(AD36=0,0,10^((AD36-'QS 16S Analysis'!$R$34)/'QS 16S Analysis'!$R$35)) -> 464.36943
P37: 20 | Q37: {=L9:N9} -> 30.241 | R37: 30.588 | S37: 30.771 | T37: =IFERROR(AVERAGEIF(_xlfn.ANCHORARRAY(Q37),"<>0"),0) -> 30.533333 | U37: =IFERROR((_xlfn.STDEV.P(Q37:S37)/SQRT(3)),0) -> 0.12690008 | V37: =IF(T37=0,0,10^((T37-'QS RNase P Analysis'!$R$34)/'QS RNase P Analysis'!$R$35)) -> 482.55033 | Z37: 20 | AA37: {=L22:N22} -> 20.685 | AB37: 21.326 | AC37: 21.812 | AD37: =IFERROR(AVERAGEIF(_xlfn.ANCHORARRAY(AA37),"<>0"),0) -> 21.274333 | AE37: =IFERROR((_xlfn.STDEV.P(AA37:AC37)/SQRT(3)),0) -> 0.26647257 | AF37: =IF(AD37=0,0,10^((AD37-'QS 16S Analysis'!$R$34)/'QS 16S Analysis'!$R$35)) -> 107.73901
P38: 21 | Q38: {=L10:N10} -> 30.365 | R38: 30.64 | S38: 30.956 | T38: =IFERROR(AVERAGEIF(_xlfn.ANCHORARRAY(Q38),"<>0"),0) -> 30.653667 | U38: =IFERROR((_xlfn.STDEV.P(Q38:S38)/SQRT(3)),0) -> 0.13941173 | V38: =IF(T38=0,0,10^((T38-'QS RNase P Analysis'!$R$34)/'QS RNase P Analysis'!$R$35)) -> 445.85062 | Z38: 21 | AA38: {=L23:N23} -> 19.058 | AB38: 19.449 | AC38: 19.905 | AD38: =IFERROR(AVERAGEIF(_xlfn.ANCHORARRAY(AA38),"<>0"),0) -> 19.470667 | AE38: =IFERROR((_xlfn.STDEV.P(AA38:AC38)/SQRT(3)),0) -> 0.19983567 | AF38: =IF(AD38=0,0,10^((AD38-'QS 16S Analysis'!$R$34)/'QS 16S Analysis'!$R$35)) -> 340.21364
P39: 22 | Q39: {=L11:N11} -> 32.266 | R39: 32.006 | S39: 32.262 | T39: =IFERROR(AVERAGEIF(_xlfn.ANCHORARRAY(Q39),"<>0"),0) -> 32.178 | U39: =IFERROR((_xlfn.STDEV.P(Q39:S39)/SQRT(3)),0) -> 0.070225035 | V39: =IF(T39=0,0,10^((T39-'QS RNase P Analysis'!$R$34)/'QS RNase P Analysis'!$R$35)) -> 163.68793 | Z39: 22 | AA39: {=L24:N24} -> 20.561 | AB39: 20.54 | AC39: 20.926 | AD39: =IFERROR(AVERAGEIF(_xlfn.ANCHORARRAY(AA39),"<>0"),0) -> 20.675667 | AE39: =IFERROR((_xlfn.STDEV.P(AA39:AC39)/SQRT(3)),0) -> 0.10231795 | AF39: =IF(AD39=0,0,10^((AD39-'QS 16S Analysis'!$R$34)/'QS 16S Analysis'!$R$35)) -> 157.80654
P40: 23 | Q40: {=L12:N12} -> 0 | R40: 0 | S40: 0 | T40: =IFERROR(AVERAGEIF(_xlfn.ANCHORARRAY(Q40),"<>0"),0) -> 0 | U40: =IFERROR((_xlfn.STDEV.P(Q40:S40)/SQRT(3)),0) -> 0 | V40: =IF(T40=0,0,10^((T40-'QS RNase P Analysis'!$R$34)/'QS RNase P Analysis'!$R$35)) -> 0 | Z40: 23 | AA40: {=L25:N25} -> 29.566 | AB40: 29.703 | AC40: 30.141 | AD40: =IFERROR(AVERAGEIF(_xlfn.ANCHORARRAY(AA40),"<>0"),0) -> 29.803333 | AE40: =IFERROR((_xlfn.STDEV.P(AA40:AC40)/SQRT(3)),0) -> 0.14158337 | AF40: =IF(AD40=0,0,10^((AD40-'QS 16S Analysis'!$R$34)/'QS 16S Analysis'!$R$35)) -> 0.46877049
P41: 24 | Q41: {=L13:N13} -> 0 | R41: 0 | S41: 0 | T41: =IFERROR(AVERAGEIF(_xlfn.ANCHORARRAY(Q41),"<>0"),0) -> 0 | U41: =IFERROR((_xlfn.STDEV.P(Q41:S41)/SQRT(3)),0) -> 0 | V41: =IF(T41=0,0,10^((T41-'QS RNase P Analysis'!$R$34)/'QS RNase P Analysis'!$R$35)) -> 0 | Z41: 24 | AA41: {=L26:N26} -> 29.429 | AB41: 30.292 | AC41: 29.492 | AD41: =IFERROR(AVERAGEIF(_xlfn.ANCHORARRAY(AA41),"<>0"),0) -> 29.737667 | AE41: =IFERROR((_xlfn.STDEV.P(AA41:AC41)/SQRT(3)),0) -> 0.22679229 | AF41: =IF(AD41=0,0,10^((AD41-'QS 16S Analysis'!$R$34)/'QS 16S Analysis'!$R$35)) -> 0.48881137

Sheet QS RNase P Analysis
A1: =IF('QS Raw Results'!A25>1, INDEX(_xlfn.TEXTSPLIT('QS Raw Results'!A25,"\"),1,7), "Paste Results File into Cell A2 of QS Raw Results") -> 2025-11-05_095412_DEN078_RNaseP-16S.eds
L2: Promega Conc. (ug/mL): | M2: =Standards!G7 -> 209
H3: Standard Curve Analysis | L3: Promega Used (uL): | M3: =_xlfn.NUMBERVALUE(_xlfn.TEXTBEFORE(Standards!C12," (")) -> 14.36 | Q3: Pass/Fail?
B4: Tabulated Averages
H5: Actual Results | L5: Expected Results | Q5: =IF(J64="TRUE","PASSED","FAILED") -> PASSED
B6: Sample No. | C6: Sample ID | D6: 1/10 Cp | E6: Conc. (ng/μL)* | F6: Cp SEM | H6: Standard | I6: Mean Cp | J6: Mean Conc. (ng/mL)* | L6: Standard | M6: Mean Cp* | N6: Mean Conc. (ng/mL)
B7: 1 | C7: =IF(ISBLANK('Sample List'!C6)=TRUE,"",'Sample List'!C6) -> PD005745RME2_D_Hu_01 | D7: ='QS Calculations'!T18 -> 32.740667 | E7: ='QS Calculations'!V18/100 -> 1.1307962 | F7: ='QS Calculations'!U18 -> 0.14231134 | H7: S1 | I7: ='QS Calculations'!T6 -> 21.935667 | J7: {='QS Calculations'!V6:V13} -> 137416.39 | L7: S1 | M7: =LOG(((3.6*(10^11))/((2*(N7/1000))/0.00646246)),2) -> 22.88609 | N7: =(M2*1000)*(M3/20) -> 150062
B8: 2 | C8: =IF(ISBLANK('Sample List'!C7)=TRUE,"",'Sample List'!C7) -> PD005599RME1_D_Hu_01 | D8: ='QS Calculations'!T19 -> 31.813667 | E8: ='QS Calculations'!V19/100 -> 2.0798307 | F8: ='QS Calculations'!U19 -> 0.053144109 | H8: S2 | I8: ='QS Calculations'!T7 -> 24.007 | J8: 35213.249 | L8: S2 | M8: =LOG(((3.6*(10^11))/((2*(N8/1000))/0.00646246)),2) -> 25.038093 | N8: =N7*(4.5/20) -> 33763.95
B9: 3 | C9: =IF(ISBLANK('Sample List'!C8)=TRUE,"",'Sample List'!C8) -> PD005595RME1_D_Hu_01 | D9: ='QS Calculations'!T20 -> 30.164 | E9: ='QS Calculations'!V20/100 -> 6.1515047 | F9: ='QS Calculations'!U20 -> 0.14329224 | H9: S3 | I9: ='QS Calculations'!T8 -> 26.229 | J9: 8172.6093 | L9: S3 | M9: =LOG(((3.6*(10^11))/((2*(N9/1000))/0.00646246)),2) -> 27.190096 | N9: =N8*(4.5/20) -> 7596.8888
B10: 4 | C10: =IF(ISBLANK('Sample List'!C9)=TRUE,"",'Sample List'!C9) -> PD005590RME1_D_Hu_01 | D10: ='QS Calculations'!T21 -> 29.844333 | E10: ='QS Calculations'!V21/100 -> 7.5899875 | F10: ='QS Calculations'!U21 -> 0.062005973 | H10: S4 | I10: ='QS Calculations'!T9 -> 28.544 | J10: 1784.2897 | L10: S4 | M10: =LOG(((3.6*(10^11))/((2*(N10/1000))/0.00646246)),2) -> 29.3421 | N10: =N9*(4.5/20) -> 1709.3
B11: 5 | C11: =IF(ISBLANK('Sample List'!C10)=TRUE,"",'Sample List'!C10) -> PD005585RME1_D_Hu_01 | D11: ='QS Calculations'!T22 -> 28.475 | E11: ='QS Calculations'!V22/100 -> 18.670836 | F11: ='QS Calculations'!U22 -> 0.13690954 | H11: S5 | I11: ='QS Calculations'!T10 -> 30.928667 | J11: 372.11852 | L11: S5 | M11: =LOG(((3.6*(10^11))/((2*(N11/1000))/0.00646246)),2) -> 31.494103 | N11: =N10*(4.5/20) -> 384.59249
B12: 6 | C12: =IF(ISBLANK('Sample List'!C11)=TRUE,"",'Sample List'!C11) -> PD005594RME1_D_Hu_01 | D12: ='QS Calculations'!T23 -> 30.689667 | E12: ='QS Calculations'!V23/100 -> 4.3542359 | F12: ='QS Calculations'!U23 -> 0.056696724 | H12: S6 | I12: ='QS Calculations'!T11 -> 33.204 | J12: 83.38926 | L12: S6 | M12: =LOG(((3.6*(10^11))/((2*(N12/1000))/0.00646246)),2) -> 33.646106 | N12: =N11*(4.5/20) -> 86.533311
B13: 7 | C13: =IF(ISBLANK('Sample List'!C12)=TRUE,"",'Sample List'!C12) -> PD005593RME1_D_Hu_01 | D13: ='QS Calculations'!T24 -> 33.126667 | E13: ='QS Calculations'!V24/100 -> 0.87737963 | F13: ='QS Calculations'!U24 -> 0.57170104 | H13: POS | I13: ='QS Calculations'!T12 -> 26.816 | J13: 5556.2484 | L13: POS | M13: =LOG(((3.6*(10^11))/((2*(N13/1000))/0.00646246)),2) -> 26.793577 | N13: 10000
B14: 8 | C14: =IF(ISBLANK('Sample List'!C13)=TRUE,"",'Sample List'!C13) -> PD005592RME1_D_Hu_01 | D14: ='QS Calculations'!T25 -> 30.154667 | E14: ='QS Calculations'!V25/100 -> 6.1893619 | F14: ='QS Calculations'!U25 -> 0.040225291 | H14: NTC | I14: ='QS Calculations'!T13 -> 0 | J14: 0 | L14: NTC | M14: 0 | N14: 0
B15: 9 | C15: =IF(ISBLANK('Sample List'!C14)=TRUE,"",'Sample List'!C14) -> PD005584RME1_D_Hu_01 | D15: ='QS Calculations'!T26 -> 26.892333 | E15: ='QS Calculations'!V26/100 -> 52.843273 | F15: ='QS Calculations'!U26 -> 0.018893463 | H15: *Based on the Following: | L15: *Based on the Following:
B16: 10 | C16: =IF(ISBLANK('Sample List'!C15)=TRUE,"",'Sample List'!C15) -> PD005578RME1_D_Hu_01 | D16: ='QS Calculations'!T27 -> 29.660333 | E16: ='QS Calculations'!V27/100 -> 8.565843 | F16: ='QS Calculations'!U27 -> 0.0370745 | H16: Cp = ('Slope'*'LogConc')+'Y-Intercept' | L16: -> Formula "Predicted Cp = LOG(((3.6*(10^11))/'InputGenomeCopies'),2)"
B17: 11 | C17: =IF(ISBLANK('Sample List'!C16)=TRUE,"",'Sample List'!C16) -> PD005575RME1_D_Hu_01 | D17: ='QS Calculations'!T28 -> 29.691 | E17: ='QS Calculations'!V28/100 -> 8.394895 | F17: ='QS Calculations'!U28 -> 0.0228959 | H17: Conc (ng/mL) = 10^(('Mean Cp'-'Y-Intercept')/'Slope') | L17: -> 'InputGenomeCopies' = [Sample in Reaction (uL)*Conc(ng/uL)]/[Genome Mass(ng)]
B18: 12 | C18: =IF(ISBLANK('Sample List'!C17)=TRUE,"",'Sample List'!C17) -> PD005572RME1_D_Hu_01 | D18: ='QS Calculations'!T29 -> 28.950667 | E18: ='QS Calculations'!V29/100 -> 13.657417 | F18: ='QS Calculations'!U29 -> 0.031163844 | L18: -> 1 Genome = 0.00646246ng
B19: 13 | C19: =IF(ISBLANK('Sample List'!C18)=TRUE,"",'Sample List'!C18) -> PD005571RME1_D_Hu_01 | D19: ='QS Calculations'!T30 -> 31.818333 | E19: ='QS Calculations'!V30/100 -> 2.0734603 | F19: ='QS Calculations'!U30 -> 0.076064787
B20: 14 | C20: =IF(ISBLANK('Sample List'!C19)=TRUE,"",'Sample List'!C19) -> PD005568RME1_D_Hu_01 | D20: ='QS Calculations'!T31 -> 33.236667 | E20: ='QS Calculations'!V31/100 -> 0.81617692 | F20: ='QS Calculations'!U31 -> 0.15610134 | H20: Standard Curve Breakdown
B21: 15 | C21: =IF(ISBLANK('Sample List'!C20)=TRUE,"",'Sample List'!C20) -> PD005565RME1_D_Hu_01 | D21: ='QS Calculations'!T32 -> 34.289333 | E21: ='QS Calculations'!V32/100 -> 0.40856848 | F21: ='QS Calculations'!U32 -> 0.061572601 | H21: Actual Results | N21: Full Actual Results
B22: 16 | C22: =IF(ISBLANK('Sample List'!C21)=TRUE,"",'Sample List'!C21) -> PD005564RME4_D_Hu_01 | D22: ='QS Calculations'!T33 -> 31.246 | E22: ='QS Calculations'!V33/100 -> 3.0205617 | F22: ='QS Calculations'!U33 -> 0.040108187 | H22: Standard | I22: Mean Cp | J22: Mean Conc. (ng/mL) | K22: Log Conc.* | N22: Standard | O22: Cp 1 | P22: Cp 2 | Q22: Cp 3 | R22: SEM | S22: ΔCt
B23: 17 | C23: =IF(ISBLANK('Sample List'!C22)=TRUE,"",'Sample List'!C22) -> PD005563RME1_D_Hu_01 | D23: ='QS Calculations'!T34 -> 32.193 | E23: ='QS Calculations'!V34/100 -> 1.6208186 | F23: ='QS Calculations'!U34 -> 0.083394644 | H23: S1 | I23: =I7 -> 21.935667 | J23: =J7 -> 137416.39 | K23: =LOG(N7) -> 5.1762707 | N23: S1 | O23: ='QS Calculations'!Q6 -> 21.844 | P23: ='QS Calculations'!R6 -> 21.874 | Q23: ='QS Calculations'!S6 -> 22.089 | R23: ='QS Calculations'!U6 -> 0.062996179 | S23: -
B24: 18 | C24: =IF(ISBLANK('Sample List'!C23)=TRUE,"",'Sample List'!C23) -> PD005562RME1_D_Hu_01 | D24: ='QS Calculations'!T35 -> 32.458333 | E24: ='QS Calculations'!V35/100 -> 1.3614008 | F24: ='QS Calculations'!U35 -> 0.057620084 | H24: S2 | I24: =I8 -> 24.007 | J24: =J8 -> 35213.249 | K24: =LOG(N8) -> 4.5284532 | N24: S2 | O24: ='QS Calculations'!Q7 -> 24.036 | P24: ='QS Calculations'!R7 -> 24.011 | Q24: ='QS Calculations'!S7 -> 23.974 | R24: ='QS Calculations'!U7 -> 0.014704497 | S24: =I24-I23 -> 2.0713333
B25: 19 | C25: =IF(ISBLANK('Sample List'!C24)=TRUE,"",'Sample List'!C24) -> PD005561RME1_D_Hu_01 | D25: ='QS Calculations'!T36 -> 29.765333 | E25: ='QS Calculations'!V36/100 -> 7.994555 | F25: ='QS Calculations'!U36 -> 0.059505991 | H25: S3 | I25: =I9 -> 26.229 | J25: =J9 -> 8172.6093 | K25: =LOG(N9) -> 3.8806358 | N25: S3 | O25: ='QS Calculations'!Q8 -> 26.28 | P25: ='QS Calculations'!R8 -> 26.151 | Q25: ='QS Calculations'!S8 -> 26.256 | R25: ='QS Calculations'!U8 -> 0.032341923 | S25: =I25-I24 -> 2.222
B26: 20 | C26: =IF(ISBLANK('Sample List'!C25)=TRUE,"",'Sample List'!C25) -> PD005558RME1_D_Hu_01 | D26: ='QS Calculations'!T37 -> 30.533333 | E26: ='QS Calculations'!V37/100 -> 4.8255033 | F26: ='QS Calculations'!U37 -> 0.12690008 | H26: S4 | I26: =I10 -> 28.544 | J26: =J10 -> 1784.2897 | K26: =LOG(N10) -> 3.2328183 | N26: S4 | O26: ='QS Calculations'!Q9 -> 28.527 | P26: ='QS Calculations'!R9 -> 28.665 | Q26: ='QS Calculations'!S9 -> 28.44 | R26: ='QS Calculations'!U9 -> 0.0534852 | S26: =I26-I25 -> 2.315
B27: 21 | C27: =IF(ISBLANK('Sample List'!C26)=TRUE,"",'Sample List'!C26) -> PD005557RME1_D_Hu_01 | D27: ='QS Calculations'!T38 -> 30.653667 | E27: ='QS Calculations'!V38/100 -> 4.4585062 | F27: ='QS Calculations'!U38 -> 0.13941173 | H27: S5 | I27: =I11 -> 30.928667 | J27: =J11 -> 372.11852 | K27: =LOG(N11) -> 2.5850008 | N27: S5 | O27: ='QS Calculations'!Q10 -> 30.902 | P27: ='QS Calculations'!R10 -> 30.93 | Q27: ='QS Calculations'!S10 -> 30.954 | R27: ='QS Calculations'!U10 -> 0.012268599 | S27: =I27-I26 -> 2.3846667
B28: 22 | C28: =IF(ISBLANK('Sample List'!C27)=TRUE,"",'Sample List'!C27) -> PD005556RME1_D_Hu_01 | D28: ='QS Calculations'!T39 -> 32.178 | E28: ='QS Calculations'!V39/100 -> 1.6368793 | F28: ='QS Calculations'!U39 -> 0.070225035 | H28: S6 | I28: =I12 -> 33.204 | J28: =J12 -> 83.38926 | K28: =LOG(N12) -> 1.9371833 | N28: S6 | O28: ='QS Calculations'!Q11 -> 33.328 | P28: ='QS Calculations'!R11 -> 33.005 | Q28: ='QS Calculations'!S11 -> 33.279 | R28: ='QS Calculations'!U11 -> 0.082058245 | S28: =I28-I27 -> 2.2753333
B29: 23 | C29: =IF(ISBLANK('Sample List'!C28)=TRUE,"",'Sample List'!C28) -> DEN078-POS_D_Hu_01 | D29: ='QS Calculations'!T40 -> 0 | E29: ='QS Calculations'!V40/100 -> 0 | F29: ='QS Calculations'!U40 -> 0 | H29: *Based on Expected Concentration
B30: 24 | C30: =IF(ISBLANK('Sample List'!C29)=TRUE,"",'Sample List'!C29) -> DEN078-NEG_D_Hu_01 | D30: ='QS Calculations'!T41 -> 0 | E30: ='QS Calculations'!V41/100 -> 0 | F30: ='QS Calculations'!U41 -> 0
B31: ='Sample List'!B30 -> POS Control | C31: ='Sample List'!C30 -> Human Male DNA 10ng/uL | D31: ='QS Calculations'!T12 -> 26.816 | E31: ='QS Calculations'!V12/1000 -> 5.5562484 | F31: ='QS Calculations'!U12 -> 7.2985783 | H31: Graphical Representation
B32: ='Sample List'!B31 -> NEG Control | C32: ='Sample List'!C31 -> NF-Water | D32: ='QS Calculations'!T13 -> 0 | E32: ='QS Calculations'!V13 -> 0 | F32: ='QS Calculations'!U13 -> 0
B33: *Actual Sample Concentration, Calculated as 10x LightCycler Output | R33: Plot Analysis
R34: =INTERCEPT(I23:I28,K23:K28) -> 39.93331 | S34: = Y-intercept
B35: Conditional Formatting Key | R35: =SLOPE(I23:I28,K23:K28) -> -3.5028238 | S35: = Slope
B36: Text | C36: Cp too Low/Conc too High, Result may be Unreliable
B37: Text | C37: Cp too High/Conc too Low to Accurately Quantify | R37: =10^(-1/R35) -> 1.9296741 | S37: = PCR Efficiency
B38: Text | C38: SEM too High to be reliable, Investigate Individual Cps | R38: =(R37-1)*100 -> 92.967406 | S38: = %PCR Efficiency
R39: =RSQ(I23:I28,K23:K28) -> 0.99950836 | S39: = R Squared
H55: Acceptance Criteria
H57: Criteria | I57: Acceptance Range | J57: Results | K57: Pass/Fail?
H58: PCR Efficiency Result | I58: 85%-115% | J58: =R38 -> 92.967406 | K58: =IF(J58<115,IF(J58>85,"PASS","FAIL"),"FAIL") -> PASS
H59: R^2 | I59: ≥0.98 | J59: =R39 -> 0.99950836 | K59: =IF(J59>=0.98,"PASS","FAIL") -> PASS
H60: NTC | I60: Ct/Cp ≥ 38 | J60: =I14 -> 0 | K60: =IF(J60<38,IF(J60>0.01,"FAIL","PASS"),"PASS") -> PASS
H61: Positive Control | I61: 5ng/µL-15ng/µL | J61: =E31 -> 5.5562484 | K61: =IF(J61<15,IF(J61>5,"PASS","FAIL"),"FAIL") -> PASS
H62: Y-intercept | I62: 40 ± 2.5% | J62: =R34 -> 39.93331 | K62: =IF(OR(J62<40-(40*0.025),J62>40+(40*0.025)),"FAIL","PASS") -> PASS
I64: Passed Acceptance Criteria? = | J64: =IF(K58="PASS",IF(K59="PASS",IF(K60="PASS",IF(K61="PASS","TRUE"),"FALSE"),"FALSE"),"FALSE") -> TRUE

Sheet QS 16S Analysis
A1: =IF('QS Raw Results'!A25>1, INDEX(_xlfn.TEXTSPLIT('QS Raw Results'!A25,"\"),1,7), "Paste Results File into Cell A2 of QS Raw Results") -> 2025-11-05_095412_DEN078_RNaseP-16S.eds
H3: Standard Curve Analysis
B4: Tabulated Averages | Q4: Pass/Fail?
H5: Actual Results | L5: Expected Results
B6: Sample No. | C6: Sample ID | D6: 1/10 Cp | E6: Conc. (ng/μL)* | F6: Cp SEM | H6: Standard | I6: Mean Cp | J6: Mean Conc. (ng/mL)* | L6: Standard | M6: Mean Cp* | N6: Mean Conc. (ng/mL) | Q6: =IF(J63="TRUE","PASSED","FAILED") -> PASSED
B7: 1 | C7: =IF(ISBLANK('Sample List'!C6)=TRUE,"",'Sample List'!C6) -> PD005745RME2_D_Hu_01 | D7: ='QS Calculations'!AD18 -> 20.918 | E7: ='QS Calculations'!AF18/100 -> 1.3521675 | F7: ='QS Calculations'!AE18 -> 0.036986484 | H7: S1 | I7: ='QS Calculations'!AD6 -> 13.128333 | J7: ='QS Calculations'!AF6 -> 19397.465 | L7: S1 | M7: 12 | N7: 20000
B8: 2 | C8: =IF(ISBLANK('Sample List'!C7)=TRUE,"",'Sample List'!C7) -> PD005599RME1_D_Hu_01 | D8: ='QS Calculations'!AD19 -> 18.948333 | E8: ='QS Calculations'!AF19/100 -> 4.7464558 | F8: ='QS Calculations'!AE19 -> 0.069333868 | H8: S2 | I8: ='QS Calculations'!AD7 -> 16.202 | J8: ='QS Calculations'!AF7 -> 2733.6508 | L8: S2 | M8: 15 | N8: 2500
B9: 3 | C9: =IF(ISBLANK('Sample List'!C8)=TRUE,"",'Sample List'!C8) -> PD005595RME1_D_Hu_01 | D9: ='QS Calculations'!AD20 -> 25.872333 | E9: ='QS Calculations'!AF20/100 -> 0.057455409 | F9: ='QS Calculations'!AE20 -> 0.19932237 | H9: S3 | I9: ='QS Calculations'!AD8 -> 19.678667 | J9: ='QS Calculations'!AF8 -> 297.96348 | L9: S3 | M9: 19 | N9: 312.5
B10: 4 | C10: =IF(ISBLANK('Sample List'!C9)=TRUE,"",'Sample List'!C9) -> PD005590RME1_D_Hu_01 | D10: ='QS Calculations'!AD21 -> 19.065333 | E10: ='QS Calculations'!AF21/100 -> 4.4053033 | F10: ='QS Calculations'!AE21 -> 0.040205951 | H10: S4 | I10: ='QS Calculations'!AD9 -> 22.935 | J10: ='QS Calculations'!AF9 -> 37.37545 | L10: S4 | M10: 22 | N10: 39.06
B11: 5 | C11: =IF(ISBLANK('Sample List'!C10)=TRUE,"",'Sample List'!C10) -> PD005585RME1_D_Hu_01 | D11: ='QS Calculations'!AD22 -> 21.037 | E11: ='QS Calculations'!AF22/100 -> 1.253381 | F11: ='QS Calculations'!AE22 -> 0.13433871 | H11: S5 | I11: ='QS Calculations'!AD10 -> 26.086667 | J11: ='QS Calculations'!AF10 -> 5.0117424 | L11: S5 | M11: 25 | N11: 4.88
B12: 6 | C12: =IF(ISBLANK('Sample List'!C11)=TRUE,"",'Sample List'!C11) -> PD005594RME1_D_Hu_01 | D12: ='QS Calculations'!AD23 -> 25.004 | E12: ='QS Calculations'!AF23/100 -> 0.099941346 | F12: ='QS Calculations'!AE23 -> 0.03336998 | H12: S6 | I12: ='QS Calculations'!AD11 -> 29.380333 | J12: ='QS Calculations'!AF11 -> 0.613869 | L12: S6 | M12: 29 | N12: 0.61
B13: 7 | C13: =IF(ISBLANK('Sample List'!C12)=TRUE,"",'Sample List'!C12) -> PD005593RME1_D_Hu_01 | D13: ='QS Calculations'!AD24 -> 18.201 | E13: ='QS Calculations'!AF24/100 -> 7.64333 | F13: ='QS Calculations'!AE24 -> 0.14943077 | H13: NTC | I13: ='QS Calculations'!AD12 -> 0 | J13: ='QS Calculations'!AF12 -> 0 | L13: NTC | M13: >35.5 | N13: 0
B14: 8 | C14: =IF(ISBLANK('Sample List'!C13)=TRUE,"",'Sample List'!C13) -> PD005592RME1_D_Hu_01 | D14: ='QS Calculations'!AD25 -> 17.744667 | E14: ='QS Calculations'!AF25/100 -> 10.224145 | F14: ='QS Calculations'!AE25 -> 0.034439426 | H14: *Based on the Following: | L14: *Based on the Following:
B15: 9 | C15: =IF(ISBLANK('Sample List'!C14)=TRUE,"",'Sample List'!C14) -> PD005584RME1_D_Hu_01 | D15: ='QS Calculations'!AD26 -> 26.071333 | E15: ='QS Calculations'!AF26/100 -> 0.050609734 | F15: ='QS Calculations'!AE26 -> 0.024066267 | H15: Cp = ('Slope'*'LogConc')+'Y-Intercept'
B16: 10 | C16: =IF(ISBLANK('Sample List'!C15)=TRUE,"",'Sample List'!C15) -> PD005578RME1_D_Hu_01 | D16: ='QS Calculations'!AD27 -> 17.770667 | E16: ='QS Calculations'!AF27/100 -> 10.056073 | F16: ='QS Calculations'!AE27 -> 0.027686071 | H16: Conc (ng/mL) = 10^(('Mean Cp'-'Y-Intercept')/'Slope')
B17: 11 | C17: =IF(ISBLANK('Sample List'!C16)=TRUE,"",'Sample List'!C16) -> PD005575RME1_D_Hu_01 | D17: ='QS Calculations'!AD28 -> 19.037667 | E17: ='QS Calculations'!AF28/100 -> 4.4836927 | F17: ='QS Calculations'!AE28 -> 0.032250179
B18: 12 | C18: =IF(ISBLANK('Sample List'!C17)=TRUE,"",'Sample List'!C17) -> PD005572RME1_D_Hu_01 | D18: ='QS Calculations'!AD29 -> 15.949333 | E18: ='QS Calculations'!AF29/100 -> 32.114304 | F18: ='QS Calculations'!AE29 -> 0.046044262
B19: 13 | C19: =IF(ISBLANK('Sample List'!C18)=TRUE,"",'Sample List'!C18) -> PD005571RME1_D_Hu_01 | D19: ='QS Calculations'!AD30 -> 19.515667 | E19: ='QS Calculations'!AF30/100 -> 3.3059222 | F19: ='QS Calculations'!AE30 -> 0.044875961
B20: 14 | C20: =IF(ISBLANK('Sample List'!C19)=TRUE,"",'Sample List'!C19) -> PD005568RME1_D_Hu_01 | D20: ='QS Calculations'!AD31 -> 20.344667 | E20: ='QS Calculations'!AF31/100 -> 1.9488056 | F20: ='QS Calculations'!AE31 -> 0.0047687253 | H20: Standard Curve Breakdown
B21: 15 | C21: =IF(ISBLANK('Sample List'!C20)=TRUE,"",'Sample List'!C20) -> PD005565RME1_D_Hu_01 | D21: ='QS Calculations'!AD32 -> 22.122333 | E21: ='QS Calculations'!AF32/100 -> 0.62746333 | F21: ='QS Calculations'!AE32 -> 0.013302743 | H21: Actual Results | N21: Full Actual Results
B22: 16 | C22: =IF(ISBLANK('Sample List'!C21)=TRUE,"",'Sample List'!C21) -> PD005564RME4_D_Hu_01 | D22: ='QS Calculations'!AD33 -> 16.217667 | E22: ='QS Calculations'!AF33/100 -> 27.064838 | F22: ='QS Calculations'!AE33 -> 0.058226251 | H22: Standard | I22: Mean Cp | J22: Mean Conc. (ng/mL) | K22: Log Conc.* | N22: Standard | O22: Cp 1 | P22: Cp 2 | Q22: Cp 3 | R22: SEM | S22: ΔCt
B23: 17 | C23: =IF(ISBLANK('Sample List'!C22)=TRUE,"",'Sample List'!C22) -> PD005563RME1_D_Hu_01 | D23: ='QS Calculations'!AD34 -> 20.554667 | E23: ='QS Calculations'!AF34/100 -> 1.7046142 | F23: ='QS Calculations'!AE34 -> 0.10321965 | H23: S1 | I23: =I7 -> 13.128333 | J23: =J7 -> 19397.465 | K23: =LOG(N7) -> 4.30103 | N23: S1 | O23: {=_xlfn.ANCHORARRAY('QS Calculations'!AA6)} -> 13.061 | P23: 13.081 | Q23: 13.243 | R23: ='QS Calculations'!AE6 -> 0.047049226 | S23: -
B24: 18 | C24: =IF(ISBLANK('Sample List'!C23)=TRUE,"",'Sample List'!C23) -> PD005562RME1_D_Hu_01 | D24: ='QS Calculations'!AD35 -> 19.601333 | E24: ='QS Calculations'!AF35/100 -> 3.1302153 | F24: ='QS Calculations'!AE35 -> 0.087566271 | H24: S2 | I24: =I8 -> 16.202 | J24: =J8 -> 2733.6508 | K24: =LOG(N8) -> 3.39794 | N24: S2 | O24: {=_xlfn.ANCHORARRAY('QS Calculations'!AA7)} -> 16.265 | P24: 16.202 | Q24: 16.139 | R24: ='QS Calculations'!AE7 -> 0.029698485 | S24: =I24-I23 -> 3.0736667
B25: 19 | C25: =IF(ISBLANK('Sample List'!C24)=TRUE,"",'Sample List'!C24) -> PD005561RME1_D_Hu_01 | D25: ='QS Calculations'!AD36 -> 18.982667 | E25: ='QS Calculations'!AF36/100 -> 4.6436943 | F25: ='QS Calculations'!AE36 -> 0.0051925873 | H25: S3 | I25: =I9 -> 19.678667 | J25: =J9 -> 297.96348 | K25: =LOG(N9) -> 2.49485 | N25: S3 | O25: {=_xlfn.ANCHORARRAY('QS Calculations'!AA8)} -> 19.777 | P25: 19.597 | Q25: 19.662 | R25: ='QS Calculations'!AE8 -> 0.04296855 | S25: =I25-I24 -> 3.4766667
B26: 20 | C26: =IF(ISBLANK('Sample List'!C25)=TRUE,"",'Sample List'!C25) -> PD005558RME1_D_Hu_01 | D26: ='QS Calculations'!AD37 -> 21.274333 | E26: ='QS Calculations'!AF37/100 -> 1.0773901 | F26: ='QS Calculations'!AE37 -> 0.26647257 | H26: S4 | I26: =I10 -> 22.935 | J26: =J10 -> 37.37545 | K26: =LOG(N10) -> 1.5917322 | N26: S4 | O26: {=_xlfn.ANCHORARRAY('QS Calculations'!AA9)} -> 22.983 | P26: 22.979 | Q26: 22.843 | R26: ='QS Calculations'!AE9 -> 0.037570674 | S26: =I26-I25 -> 3.2563333
B27: 21 | C27: =IF(ISBLANK('Sample List'!C26)=TRUE,"",'Sample List'!C26) -> PD005557RME1_D_Hu_01 | D27: ='QS Calculations'!AD38 -> 19.470667 | E27: ='QS Calculations'!AF38/100 -> 3.4021364 | F27: ='QS Calculations'!AE38 -> 0.19983567 | H27: S5 | I27: =I11 -> 26.086667 | J27: =J11 -> 5.0117424 | K27: =LOG(N11) -> 0.68841982 | N27: S5 | O27: {=_xlfn.ANCHORARRAY('QS Calculations'!AA10)} -> 26.128 | P27: 26.134 | Q27: 25.998 | R27: ='QS Calculations'!AE10 -> 0.03622563 | S27: =I27-I26 -> 3.1516667
B28: 22 | C28: =IF(ISBLANK('Sample List'!C27)=TRUE,"",'Sample List'!C27) -> PD005556RME1_D_Hu_01 | D28: ='QS Calculations'!AD39 -> 20.675667 | E28: ='QS Calculations'!AF39/100 -> 1.5780654 | F28: ='QS Calculations'!AE39 -> 0.10231795 | H28: S6 | I28: =I12 -> 29.380333 | J28: =J12 -> 0.613869 | K28: =LOG(N12) -> -0.21467016 | N28: S6 | O28: {=_xlfn.ANCHORARRAY('QS Calculations'!AA11)} -> 29.436 | P28: 29.219 | Q28: 29.486 | R28: ='QS Calculations'!AE11 -> 0.066910111 | S28: =I28-I27 -> 3.2936667
B29: 23 | C29: =IF(ISBLANK('Sample List'!C28)=TRUE,"",'Sample List'!C28) -> DEN078-POS_D_Hu_01 | D29: ='QS Calculations'!AD40 -> 29.803333 | E29: ='QS Calculations'!AF40/100 -> 0.0046877049 | F29: ='QS Calculations'!AE40 -> 0.14158337 | H29: *Based on Expected Concentration
B30: 24 | C30: =IF(ISBLANK('Sample List'!C29)=TRUE,"",'Sample List'!C29) -> DEN078-NEG_D_Hu_01 | D30: ='QS Calculations'!AD41 -> 29.737667 | E30: ='QS Calculations'!AF41/100 -> 0.0048881137 | F30: ='QS Calculations'!AE41 -> 0.22679229
B31: ='[1]Sample List'!B30 -> NEG Control | C31: ='[1]Sample List'!C30 -> NF-Water | D31: ='QS Calculations'!AD13 -> 35.291 | E31: ='QS Calculations'!AF13 -> 0.014177427 | F31: ='QS Calculations'!AE13 -> 0.14011662 | H31: Graphical Representation
B32: *Actual Sample Concentration, Calculated as 10x LightCycler Output
B33: ◊Actual Sample Concentration, Calculated as 100x LightCycler Output | R33: Plot Analysis
B34: Conditional Formatting Key | R34: =INTERCEPT(I23:I28,K23:K28) -> 28.614901 | S34: = Y-intercept
B35: Text | C35: Cp too Low/Conc too High, Result may be Unreliable | R35: =SLOPE(I23:I28,K23:K28) -> -3.611821 | S35: = Slope
B36: Text | C36: Cp too High/Conc too Low to Accurately Quantify
B37: Text | C37: SEM too High to be reliable, Investigate Individual Cps | R37: =10^(-1/R35) -> 1.8917714 | S37: = PCR Efficiency
R38: =(R37-1)*100 -> 89.177137 | S38: = %PCR Efficiency
R39: =RSQ(I23:I28,K23:K28) -> 0.99981662 | S39: = R Squared
H55: Acceptance Criteria
H57: Criteria | I57: Acceptance Range | J57: Results | K57: Pass/Fail?
H58: PCR Efficiency Result | I58: 85%-115% | J58: =R38 -> 89.177137 | K58: =IF(J58<115,IF(J58>85,"PASS","FAIL"),"FAIL") -> PASS
H59: R^2 | I59: ≥0.98 | J59: =R39 -> 0.99981662 | K59: =IF(J59>=0.98,"PASS","FAIL") -> PASS
H60: NTC | I60: Cp ≥ 35.5 | J60: =I13 -> 0 | K60: =IF(J60<35.5,IF(J60>0.01,"FAIL","PASS"),"PASS") -> PASS
H61: Y-intercept | I61: 28 ± 2.5% | J61: =R34 -> 28.614901 | K61: =IF(OR(J61<28-(28*0.025),J61>28+(28*0.025)),"FAIL","PASS") -> PASS
I63: Passed Acceptance Criteria? = | J63: =IF(K58="PASS",IF(K59="PASS",IF(K60="PASS","TRUE"),"FALSE"),"FALSE") -> TRUE

Sheet Result Export
A1: Sample ID | B1: Batch ID | C1: RNase P Concentration (ng/μL) | D1: RNase P Mean CP | E1: RNase P CP SEM | F1: RNase P R^2 | G1: RNase P % PCR Efficiency | H1: RNase P Y-Intercept | I1: RNase P Slope | J1: 16S Concentration (ng/μL) | K1: 16S Mean CP | L1: 16S CP SEM | M1: 16S R^2 | N1: 16S % PCR Efficiency | O1: 16S Y-Intercept | P1: 16S Slope | Q1: Fast Advanced MM Lot | R1: RNase P Primer Probe Lot | S1: Promega Lot | T1: Human DNA Male Lot | U1: 16S Primer Probe Lot | V1: Microbial Community Standard Lot | W1: NF-water Lot | X1: Asset ID
A2: ='Sample List'!C6 -> PD005745RME2_D_Hu_01 | B2: ='Experiment Overview'!$B$13 -> DEN078 | C2: ='QS RNase P Analysis'!E7 -> 1.1307962 | D2: ='QS RNase P Analysis'!D7 -> 32.740667 | E2: ='QS RNase P Analysis'!F7 -> 0.14231134 | F2: ='QS RNase P Analysis'!$R$39 -> 0.99950836 | G2: ='QS RNase P Analysis'!$R$38 -> 92.967406 | H2: ='QS RNase P Analysis'!$R$34 -> 39.93331 | I2: ='QS RNase P Analysis'!$R$35 -> -3.5028238 | J2: ='QS 16S Analysis'!E7 -> 1.3521675 | K2: ='QS 16S Analysis'!D7 -> 20.918 | L2: ='QS 16S Analysis'!F7 -> 0.036986484 | M2: ='QS 16S Analysis'!$R$39 -> 0.99981662 | N2: ='QS 16S Analysis'!$R$38 -> 89.177137 | O2: ='QS 16S Analysis'!$R$34 -> 28.614901 | P2: ='QS 16S Analysis'!$R$35 -> -3.611821 | Q2: ='Experiment Overview'!$O$6&" (Verified)" -> 4444554 (Verified) | R2: ='Experiment Overview'!$O$7&" (Verified)" -> 3245729 (Verified) | S2: ='Experiment Overview'!$O$8&" (Verified)" -> 0000636473 (Verified) | T2: ='Experiment Overview'!$O$9&" (Verified)" -> 3106717 (Verified) | U2: ='Experiment Overview'!$O$10&" (Verified)" -> P250904-011-F09 (Verified) | V2: ='Experiment Overview'!$O$11&" (Verified)" -> 24027229 (Verified) | W2: ='Experiment Overview'!$O$12 -> N/A | X2: ='Experiment Overview'!$B$21 -> 00131
A3: ='Sample List'!C7 -> PD005599RME1_D_Hu_01 | B3: ='Experiment Overview'!$B$13 -> DEN078 | C3: ='QS RNase P Analysis'!E8 -> 2.0798307 | D3: ='QS RNase P Analysis'!D8 -> 31.813667 | E3: ='QS RNase P Analysis'!F8 -> 0.053144109 | F3: ='QS RNase P Analysis'!$R$39 -> 0.99950836 | G3: ='QS RNase P Analysis'!$R$38 -> 92.967406 | H3: ='QS RNase P Analysis'!$R$34 -> 39.93331 | I3: ='QS RNase P Analysis'!$R$35 -> -3.5028238 | J3: ='QS 16S Analysis'!E8 -> 4.7464558 | K3: ='QS 16S Analysis'!D8 -> 18.948333 | L3: ='QS 16S Analysis'!F8 -> 0.069333868 | M3: ='QS 16S Analysis'!$R$39 -> 0.99981662 | N3: ='QS 16S Analysis'!$R$38 -> 89.177137 | O3: ='QS 16S Analysis'!$R$34 -> 28.614901 | P3: ='QS 16S Analysis'!$R$35 -> -3.611821 | Q3: ='Experiment Overview'!$O$6&" (Verified)" -> 4444554 (Verified) | R3: ='Experiment Overview'!$O$7&" (Verified)" -> 3245729 (Verified) | S3: ='Experiment Overview'!$O$8&" (Verified)" -> 0000636473 (Verified) | T3: ='Experiment Overview'!$O$9&" (Verified)" -> 3106717 (Verified) | U3: ='Experiment Overview'!$O$10&" (Verified)" -> P250904-011-F09 (Verified) | V3: ='Experiment Overview'!$O$11&" (Verified)" -> 24027229 (Verified) | W3: ='Experiment Overview'!$O$12 -> N/A | X3: ='Experiment Overview'!$B$21 -> 00131
A4: ='Sample List'!C8 -> PD005595RME1_D_Hu_01 | B4: ='Experiment Overview'!$B$13 -> DEN078 | C4: ='QS RNase P Analysis'!E9 -> 6.1515047 | D4: ='QS RNase P Analysis'!D9 -> 30.164 | E4: ='QS RNase P Analysis'!F9 -> 0.14329224 | F4: ='QS RNase P Analysis'!$R$39 -> 0.99950836 | G4: ='QS RNase P Analysis'!$R$38 -> 92.967406 | H4: ='QS RNase P Analysis'!$R$34 -> 39.93331 | I4: ='QS RNase P Analysis'!$R$35 -> -3.5028238 | J4: ='QS 16S Analysis'!E9 -> 0.057455409 | K4: ='QS 16S Analysis'!D9 -> 25.872333 | L4: ='QS 16S Analysis'!F9 -> 0.19932237 | M4: ='QS 16S Analysis'!$R$39 -> 0.99981662 | N4: ='QS 16S Analysis'!$R$38 -> 89.177137 | O4: ='QS 16S Analysis'!$R$34 -> 28.614901 | P4: ='QS 16S Analysis'!$R$35 -> -3.611821 | Q4: ='Experiment Overview'!$O$6&" (Verified)" -> 4444554 (Verified) | R4: ='Experiment Overview'!$O$7&" (Verified)" -> 3245729 (Verified) | S4: ='Experiment Overview'!$O$8&" (Verified)" -> 0000636473 (Verified) | T4: ='Experiment Overview'!$O$9&" (Verified)" -> 3106717 (Verified) | U4: ='Experiment Overview'!$O$10&" (Verified)" -> P250904-011-F09 (Verified) | V4: ='Experiment Overview'!$O$11&" (Verified)" -> 24027229 (Verified) | W4: ='Experiment Overview'!$O$12 -> N/A | X4: ='Experiment Overview'!$B$21 -> 00131
A5: ='Sample List'!C9 -> PD005590RME1_D_Hu_01 | B5: ='Experiment Overview'!$B$13 -> DEN078 | C5: ='QS RNase P Analysis'!E10 -> 7.5899875 | D5: ='QS RNase P Analysis'!D10 -> 29.844333 | E5: ='QS RNase P Analysis'!F10 -> 0.062005973 | F5: ='QS RNase P Analysis'!$R$39 -> 0.99950836 | G5: ='QS RNase P Analysis'!$R$38 -> 92.967406 | H5: ='QS RNase P Analysis'!$R$34 -> 39.93331 | I5: ='QS RNase P Analysis'!$R$35 -> -3.5028238 | J5: ='QS 16S Analysis'!E10 -> 4.4053033 | K5: ='QS 16S Analysis'!D10 -> 19.065333 | L5: ='QS 16S Analysis'!F10 -> 0.040205951 | M5: ='QS 16S Analysis'!$R$39 -> 0.99981662 | N5: ='QS 16S Analysis'!$R$38 -> 89.177137 | O5: ='QS 16S Analysis'!$R$34 -> 28.614901 | P5: ='QS 16S Analysis'!$R$35 -> -3.611821 | Q5: ='Experiment Overview'!$O$6&" (Verified)" -> 4444554 (Verified) | R5: ='Experiment Overview'!$O$7&" (Verified)" -> 3245729 (Verified) | S5: ='Experiment Overview'!$O$8&" (Verified)" -> 0000636473 (Verified) | T5: ='Experiment Overview'!$O$9&" (Verified)" -> 3106717 (Verified) | U5: ='Experiment Overview'!$O$10&" (Verified)" -> P250904-011-F09 (Verified) | V5: ='Experiment Overview'!$O$11&" (Verified)" -> 24027229 (Verified) | W5: ='Experiment Overview'!$O$12 -> N/A | X5: ='Experiment Overview'!$B$21 -> 00131
A6: ='Sample List'!C10 -> PD005585RME1_D_Hu_01 | B6: ='Experiment Overview'!$B$13 -> DEN078 | C6: ='QS RNase P Analysis'!E11 -> 18.670836 | D6: ='QS RNase P Analysis'!D11 -> 28.475 | E6: ='QS RNase P Analysis'!F11 -> 0.13690954 | F6: ='QS RNase P Analysis'!$R$39 -> 0.99950836 | G6: ='QS RNase P Analysis'!$R$38 -> 92.967406 | H6: ='QS RNase P Analysis'!$R$34 -> 39.93331 | I6: ='QS RNase P Analysis'!$R$35 -> -3.5028238 | J6: ='QS 16S Analysis'!E11 -> 1.253381 | K6: ='QS 16S Analysis'!D11 -> 21.037 | L6: ='QS 16S Analysis'!F11 -> 0.13433871 | M6: ='QS 16S Analysis'!$R$39 -> 0.99981662 | N6: ='QS 16S Analysis'!$R$38 -> 89.177137 | O6: ='QS 16S Analysis'!$R$34 -> 28.614901 | P6: ='QS 16S Analysis'!$R$35 -> -3.611821 | Q6: ='Experiment Overview'!$O$6&" (Verified)" -> 4444554 (Verified) | R6: ='Experiment Overview'!$O$7&" (Verified)" -> 3245729 (Verified) | S6: ='Experiment Overview'!$O$8&" (Verified)" -> 0000636473 (Verified) | T6: ='Experiment Overview'!$O$9&" (Verified)" -> 3106717 (Verified) | U6: ='Experiment Overview'!$O$10&" (Verified)" -> P250904-011-F09 (Verified) | V6: ='Experiment Overview'!$O$11&" (Verified)" -> 24027229 (Verified) | W6: ='Experiment Overview'!$O$12 -> N/A | X6: ='Experiment Overview'!$B$21 -> 00131
A7: ='Sample List'!C11 -> PD005594RME1_D_Hu_01 | B7: ='Experiment Overview'!$B$13 -> DEN078 | C7: ='QS RNase P Analysis'!E12 -> 4.3542359 | D7: ='QS RNase P Analysis'!D12 -> 30.689667 | E7: ='QS RNase P Analysis'!F12 -> 0.056696724 | F7: ='QS RNase P Analysis'!$R$39 -> 0.99950836 | G7: ='QS RNase P Analysis'!$R$38 -> 92.967406 | H7: ='QS RNase P Analysis'!$R$34 -> 39.93331 | I7: ='QS RNase P Analysis'!$R$35 -> -3.5028238 | J7: ='QS 16S Analysis'!E12 -> 0.099941346 | K7: ='QS 16S Analysis'!D12 -> 25.004 | L7: ='QS 16S Analysis'!F12 -> 0.03336998 | M7: ='QS 16S Analysis'!$R$39 -> 0.99981662 | N7: ='QS 16S Analysis'!$R$38 -> 89.177137 | O7: ='QS 16S Analysis'!$R$34 -> 28.614901 | P7: ='QS 16S Analysis'!$R$35 -> -3.611821 | Q7: ='Experiment Overview'!$O$6&" (Verified)" -> 4444554 (Verified) | R7: ='Experiment Overview'!$O$7&" (Verified)" -> 3245729 (Verified) | S7: ='Experiment Overview'!$O$8&" (Verified)" -> 0000636473 (Verified) | T7: ='Experiment Overview'!$O$9&" (Verified)" -> 3106717 (Verified) | U7: ='Experiment Overview'!$O$10&" (Verified)" -> P250904-011-F09 (Verified) | V7: ='Experiment Overview'!$O$11&" (Verified)" -> 24027229 (Verified) | W7: ='Experiment Overview'!$O$12 -> N/A | X7: ='Experiment Overview'!$B$21 -> 00131
A8: ='Sample List'!C12 -> PD005593RME1_D_Hu_01 | B8: ='Experiment Overview'!$B$13 -> DEN078 | C8: ='QS RNase P Analysis'!E13 -> 0.87737963 | D8: ='QS RNase P Analysis'!D13 -> 33.126667 | E8: ='QS RNase P Analysis'!F13 -> 0.57170104 | F8: ='QS RNase P Analysis'!$R$39 -> 0.99950836 | G8: ='QS RNase P Analysis'!$R$38 -> 92.967406 | H8: ='QS RNase P Analysis'!$R$34 -> 39.93331 | I8: ='QS RNase P Analysis'!$R$35 -> -3.5028238 | J8: ='QS 16S Analysis'!E13 -> 7.64333 | K8: ='QS 16S Analysis'!D13 -> 18.201 | L8: ='QS 16S Analysis'!F13 -> 0.14943077 | M8: ='QS 16S Analysis'!$R$39 -> 0.99981662 | N8: ='QS 16S Analysis'!$R$38 -> 89.177137 | O8: ='QS 16S Analysis'!$R$34 -> 28.614901 | P8: ='QS 16S Analysis'!$R$35 -> -3.611821 | Q8: ='Experiment Overview'!$O$6&" (Verified)" -> 4444554 (Verified) | R8: ='Experiment Overview'!$O$7&" (Verified)" -> 3245729 (Verified) | S8: ='Experiment Overview'!$O$8&" (Verified)" -> 0000636473 (Verified) | T8: ='Experiment Overview'!$O$9&" (Verified)" -> 3106717 (Verified) | U8: ='Experiment Overview'!$O$10&" (Verified)" -> P250904-011-F09 (Verified) | V8: ='Experiment Overview'!$O$11&" (Verified)" -> 24027229 (Verified) | W8: ='Experiment Overview'!$O$12 -> N/A | X8: ='Experiment Overview'!$B$21 -> 00131
A9: ='Sample List'!C13 -> PD005592RME1_D_Hu_01 | B9: ='Experiment Overview'!$B$13 -> DEN078 | C9: ='QS RNase P Analysis'!E14 -> 6.1893619 | D9: ='QS RNase P Analysis'!D14 -> 30.154667 | E9: ='QS RNase P Analysis'!F14 -> 0.040225291 | F9: ='QS RNase P Analysis'!$R$39 -> 0.99950836 | G9: ='QS RNase P Analysis'!$R$38 -> 92.967406 | H9: ='QS RNase P Analysis'!$R$34 -> 39.93331 | I9: ='QS RNase P Analysis'!$R$35 -> -3.5028238 | J9: ='QS 16S Analysis'!E14 -> 10.224145 | K9: ='QS 16S Analysis'!D14 -> 17.744667 | L9: ='QS 16S Analysis'!F14 -> 0.034439426 | M9: ='QS 16S Analysis'!$R$39 -> 0.99981662 | N9: ='QS 16S Analysis'!$R$38 -> 89.177137 | O9: ='QS 16S Analysis'!$R$34 -> 28.614901 | P9: ='QS 16S Analysis'!$R$35 -> -3.611821 | Q9: ='Experiment Overview'!$O$6&" (Verified)" -> 4444554 (Verified) | R9: ='Experiment Overview'!$O$7&" (Verified)" -> 3245729 (Verified) | S9: ='Experiment Overview'!$O$8&" (Verified)" -> 0000636473 (Verified) | T9: ='Experiment Overview'!$O$9&" (Verified)" -> 3106717 (Verified) | U9: ='Experiment Overview'!$O$10&" (Verified)" -> P250904-011-F09 (Verified) | V9: ='Experiment Overview'!$O$11&" (Verified)" -> 24027229 (Verified) | W9: ='Experiment Overview'!$O$12 -> N/A | X9: ='Experiment Overview'!$B$21 -> 00131
A10: ='Sample List'!C14 -> PD005584RME1_D_Hu_01 | B10: ='Experiment Overview'!$B$13 -> DEN078 | C10: ='QS RNase P Analysis'!E15 -> 52.843273 | D10: ='QS RNase P Analysis'!D15 -> 26.892333 | E10: ='QS RNase P Analysis'!F15 -> 0.018893463 | F10: ='QS RNase P Analysis'!$R$39 -> 0.99950836 | G10: ='QS RNase P Analysis'!$R$38 -> 92.967406 | H10: ='QS RNase P Analysis'!$R$34 -> 39.93331 | I10: ='QS RNase P Analysis'!$R$35 -> -3.5028238 | J10: ='QS 16S Analysis'!E15 -> 0.050609734 | K10: ='QS 16S Analysis'!D15 -> 26.071333 | L10: ='QS 16S Analysis'!F15 -> 0.024066267 | M10: ='QS 16S Analysis'!$R$39 -> 0.99981662 | N10: ='QS 16S Analysis'!$R$38 -> 89.177137 | O10: ='QS 16S Analysis'!$R$34 -> 28.614901 | P10: ='QS 16S Analysis'!$R$35 -> -3.611821 | Q10: ='Experiment Overview'!$O$6&" (Verified)" -> 4444554 (Verified) | R10: ='Experiment Overview'!$O$7&" (Verified)" -> 3245729 (Verified) | S10: ='Experiment Overview'!$O$8&" (Verified)" -> 0000636473 (Verified) | T10: ='Experiment Overview'!$O$9&" (Verified)" -> 3106717 (Verified) | U10: ='Experiment Overview'!$O$10&" (Verified)" -> P250904-011-F09 (Verified) | V10: ='Experiment Overview'!$O$11&" (Verified)" -> 24027229 (Verified) | W10: ='Experiment Overview'!$O$12 -> N/A | X10: ='Experiment Overview'!$B$21 -> 00131
A11: ='Sample List'!C15 -> PD005578RME1_D_Hu_01 | B11: ='Experiment Overview'!$B$13 -> DEN078 | C11: ='QS RNase P Analysis'!E16 -> 8.565843 | D11: ='QS RNase P Analysis'!D16 -> 29.660333 | E11: ='QS RNase P Analysis'!F16 -> 0.0370745 | F11: ='QS RNase P Analysis'!$R$39 -> 0.99950836 | G11: ='QS RNase P Analysis'!$R$38 -> 92.967406 | H11: ='QS RNase P Analysis'!$R$34 -> 39.93331 | I11: ='QS RNase P Analysis'!$R$35 -> -3.5028238 | J11: ='QS 16S Analysis'!E16 -> 10.056073 | K11: ='QS 16S Analysis'!D16 -> 17.770667 | L11: ='QS 16S Analysis'!F16 -> 0.027686071 | M11: ='QS 16S Analysis'!$R$39 -> 0.99981662 | N11: ='QS 16S Analysis'!$R$38 -> 89.177137 | O11: ='QS 16S Analysis'!$R$34 -> 28.614901 | P11: ='QS 16S Analysis'!$R$35 -> -3.611821 | Q11: ='Experiment Overview'!$O$6&" (Verified)" -> 4444554 (Verified) | R11: ='Experiment Overview'!$O$7&" (Verified)" -> 3245729 (Verified) | S11: ='Experiment Overview'!$O$8&" (Verified)" -> 0000636473 (Verified) | T11: ='Experiment Overview'!$O$9&" (Verified)" -> 3106717 (Verified) | U11: ='Experiment Overview'!$O$10&" (Verified)" -> P250904-011-F09 (Verified) | V11: ='Experiment Overview'!$O$11&" (Verified)" -> 24027229 (Verified) | W11: ='Experiment Overview'!$O$12 -> N/A | X11: ='Experiment Overview'!$B$21 -> 00131
A12: ='Sample List'!C16 -> PD005575RME1_D_Hu_01 | B12: ='Experiment Overview'!$B$13 -> DEN078 | C12: ='QS RNase P Analysis'!E17 -> 8.394895 | D12: ='QS RNase P Analysis'!D17 -> 29.691 | E12: ='QS RNase P Analysis'!F17 -> 0.0228959 | F12: ='QS RNase P Analysis'!$R$39 -> 0.99950836 | G12: ='QS RNase P Analysis'!$R$38 -> 92.967406 | H12: ='QS RNase P Analysis'!$R$34 -> 39.93331 | I12: ='QS RNase P Analysis'!$R$35 -> -3.5028238 | J12: ='QS 16S Analysis'!E17 -> 4.4836927 | K12: ='QS 16S Analysis'!D17 -> 19.037667 | L12: ='QS 16S Analysis'!F17 -> 0.032250179 | M12: ='QS 16S Analysis'!$R$39 -> 0.99981662 | N12: ='QS 16S Analysis'!$R$38 -> 89.177137 | O12: ='QS 16S Analysis'!$R$34 -> 28.614901 | P12: ='QS 16S Analysis'!$R$35 -> -3.611821 | Q12: ='Experiment Overview'!$O$6&" (Verified)" -> 4444554 (Verified) | R12: ='Experiment Overview'!$O$7&" (Verified)" -> 3245729 (Verified) | S12: ='Experiment Overview'!$O$8&" (Verified)" -> 0000636473 (Verified) | T12: ='Experiment Overview'!$O$9&" (Verified)" -> 3106717 (Verified) | U12: ='Experiment Overview'!$O$10&" (Verified)" -> P250904-011-F09 (Verified) | V12: ='Experiment Overview'!$O$11&" (Verified)" -> 24027229 (Verified) | W12: ='Experiment Overview'!$O$12 -> N/A | X12: ='Experiment Overview'!$B$21 -> 00131
A13: ='Sample List'!C17 -> PD005572RME1_D_Hu_01 | B13: ='Experiment Overview'!$B$13 -> DEN078 | C13: ='QS RNase P Analysis'!E18 -> 13.657417 | D13: ='QS RNase P Analysis'!D18 -> 28.950667 | E13: ='QS RNase P Analysis'!F18 -> 0.031163844 | F13: ='QS RNase P Analysis'!$R$39 -> 0.99950836 | G13: ='QS RNase P Analysis'!$R$38 -> 92.967406 | H13: ='QS RNase P Analysis'!$R$34 -> 39.93331 | I13: ='QS RNase P Analysis'!$R$35 -> -3.5028238 | J13: ='QS 16S Analysis'!E18 -> 32.114304 | K13: ='QS 16S Analysis'!D18 -> 15.949333 | L13: ='QS 16S Analysis'!F18 -> 0.046044262 | M13: ='QS 16S Analysis'!$R$39 -> 0.99981662 | N13: ='QS 16S Analysis'!$R$38 -> 89.177137 | O13: ='QS 16S Analysis'!$R$34 -> 28.614901 | P13: ='QS 16S Analysis'!$R$35 -> -3.611821 | Q13: ='Experiment Overview'!$O$6&" (Verified)" -> 4444554 (Verified) | R13: ='Experiment Overview'!$O$7&" (Verified)" -> 3245729 (Verified) | S13: ='Experiment Overview'!$O$8&" (Verified)" -> 0000636473 (Verified) | T13: ='Experiment Overview'!$O$9&" (Verified)" -> 3106717 (Verified) | U13: ='Experiment Overview'!$O$10&" (Verified)" -> P250904-011-F09 (Verified) | V13: ='Experiment Overview'!$O$11&" (Verified)" -> 24027229 (Verified) | W13: ='Experiment Overview'!$O$12 -> N/A | X13: ='Experiment Overview'!$B$21 -> 00131
... A25: ='Sample List'!C29 -> DEN078-NEG_D_Hu_01 | B25: ='Experiment Overview'!$B$13 -> DEN078 | C25: ='QS RNase P Analysis'!E30 -> 0 | D25: ='QS RNase P Analysis'!D30 -> 0 | E25: ='QS RNase P Analysis'!F30 -> 0 | F25: ='QS RNase P Analysis'!$R$39 -> 0.99950836 | G25: ='QS RNase P Analysis'!$R$38 -> 92.967406 | H25: ='QS RNase P Analysis'!$R$34 -> 39.93331 | I25: ='QS RNase P Analysis'!$R$35 -> -3.5028238 | J25: ='QS 16S Analysis'!E30 -> 0.0048881137 | K25: ='QS 16S Analysis'!D30 -> 29.737667 | L25: ='QS 16S Analysis'!F30 -> 0.22679229 | M25: ='QS 16S Analysis'!$R$39 -> 0.99981662 | N25: ='QS 16S Analysis'!$R$38 -> 89.177137 | O25: ='QS 16S Analysis'!$R$34 -> 28.614901 | P25: ='QS 16S Analysis'!$R$35 -> -3.611821 | Q25: ='Experiment Overview'!$O$6&" (Verified)" -> 4444554 (Verified) | R25: ='Experiment Overview'!$O$7&" (Verified)" -> 3245729 (Verified) | S25: ='Experiment Overview'!$O$8&" (Verified)" -> 0000636473 (Verified) | T25: ='Experiment Overview'!$O$9&" (Verified)" -> 3106717 (Verified) | U25: ='Experiment Overview'!$O$10&" (Verified)" -> P250904-011-F09 (Verified) | V25: ='Experiment Overview'!$O$11&" (Verified)" -> 24027229 (Verified) | W25: ='Experiment Overview'!$O$12 -> N/A | X25: ='Experiment Overview'!$B$21 -> 00131

Sheet Revision History
B2: Revision | C2: Change Detail | D2: Rationale
B3: A | C3: Introduction of new experiment report file | D3: New procedure
B4: B | C4: Added new tabs for processing of data from the QuantStudio | D4: Raw data files from the LightCycler and QuantStudio have different formats, meaning that the pre-existing formulas were incompatible with the QuantStudio files.
B5: C | C5: Combined RNase P and 16S experiment report files | D5: New procedure
